session_id,username,session_status,session_started_at,session_finished_at,task_id,round_number,target_index,target_filename,target_sha256,ground_truth,model_type,user_difficulty_rating,admin_difficulty_rating,task_status,version_id,version_number,prompt,prompt_time_seconds,image_path,generation_type,version_model_type,user_manual_score,dino_score,hsv_score,structure_score,clip_score,ai_similarity_score,is_final,locked,created_at,rating_id,style_score,object_count_score,perspective_score,depth_background_score,detailed_review,rating_created_at
2dc4be22-e04d-4f56-bd04-d01dd1e58335,test005,active,2025-11-20T07:38:08.444282,,198ba082-f4d7-49e7-afc6-01e2acf158a8,1,21,tgt_0021.jpg,2e7cddff326da9ee7a1037721f0f8234a051536d436c920790b20cf863aaf398,刮画艺术风格（Scratch Art）。黑色涂层底板，用刮刀刮出彩色或金色底层。丹顶鹤在雪山中飞舞，用细刮刀刮出白色线条勾勒鹤身轮廓和羽毛纹理，黑色翅尖和尾羽保留黑色底，头顶刮出朱红色或金色圆形斑。展翅飞翔姿态，翅膀展开，长颈伸展，双腿拖后，用流畅刮痕线条表现动态。背景山峦用粗刮刀刮出轮廓线和山体纹理，刮出蓝色、紫色、银色底层表现雪山，深浅线条密度变化表现山体明暗起伏。雪花用刮刀刮出白色或银色小点、星形、圆点，大小不一散布画面。黑色底板为主，刮出的彩色线条形成对比：白色鹤身、朱红头顶、蓝紫银色山峦、白银色雪花。线条感强，刮痕粗细变化，手工质感，黑色与彩色强烈对比。装饰性构图，平面感，线条简洁有力。神秘梦幻氛围，版画感。,qwen,,,completed,c16b6d17-1273-4d12-a64e-64aecef0376e,1,一只丹顶鹤向画面左方展翅飞翔，周围有雪花点缀。背景是两座山峰，位于画面偏左，一座在画面上方，一座在画面下方，丹顶鹤位于两座山峰之间，上方的山峰右侧是一轮红日，下方的山峰右侧还有较矮的群山。图片的底色是黑色。,220,generations/gen_tgt_0021.jpg,initial,qwen,75.0,0.8719,0.4777,0.0414,,0.7513387368362819,False,False,2025-11-20T07:43:10,91997ca4-3a7e-43b7-b7d7-99e37e3f0193,6.0,7.0,5.0,6.0,红日的位置和大小略有误差，雪花的形状不一致，下方的山峰位置不一样，山峰的形状不一样,2025-11-20T08:00:14.565452
2dc4be22-e04d-4f56-bd04-d01dd1e58335,test005,active,2025-11-20T07:38:08.444282,,198ba082-f4d7-49e7-afc6-01e2acf158a8,1,21,tgt_0021.jpg,2e7cddff326da9ee7a1037721f0f8234a051536d436c920790b20cf863aaf398,刮画艺术风格（Scratch Art）。黑色涂层底板，用刮刀刮出彩色或金色底层。丹顶鹤在雪山中飞舞，用细刮刀刮出白色线条勾勒鹤身轮廓和羽毛纹理，黑色翅尖和尾羽保留黑色底，头顶刮出朱红色或金色圆形斑。展翅飞翔姿态，翅膀展开，长颈伸展，双腿拖后，用流畅刮痕线条表现动态。背景山峦用粗刮刀刮出轮廓线和山体纹理，刮出蓝色、紫色、银色底层表现雪山，深浅线条密度变化表现山体明暗起伏。雪花用刮刀刮出白色或银色小点、星形、圆点，大小不一散布画面。黑色底板为主，刮出的彩色线条形成对比：白色鹤身、朱红头顶、蓝紫银色山峦、白银色雪花。线条感强，刮痕粗细变化，手工质感，黑色与彩色强烈对比。装饰性构图，平面感，线条简洁有力。神秘梦幻氛围，版画感。,qwen,,,completed,8d2fde75-4b6c-4522-a0c3-19d8b7f50a16,2,一只丹顶鹤向画面左方展翅飞翔，周围有多种形状的雪花点缀。背景是两座有棱角的山峰，位于画面偏左，一座在画面左上方，一座在画面左下方，丹顶鹤位于两座山峰之间，上方的山峰右侧是一轮红日，下方的山峰右侧还有较矮的群山。图片背景是黑色。,83,revisions/rev_198ba082-f4d7-49e7-afc6-01e2acf158a8_2.jpg,revision,qwen,70.0,0.8145,0.492,0.06,,0.7000509996303024,False,False,2025-11-21T09:43:22,033df7b7-d125-4af5-b516-7db33995a488,6.0,7.0,5.0,6.0,红日的位置和大小略有误差，雪花的形状不一致，下方的山峰位置不一样，山峰的形状不一样,2025-11-21T09:43:25.253242
2dc4be22-e04d-4f56-bd04-d01dd1e58335,test005,active,2025-11-20T07:38:08.444282,,198ba082-f4d7-49e7-afc6-01e2acf158a8,1,21,tgt_0021.jpg,2e7cddff326da9ee7a1037721f0f8234a051536d436c920790b20cf863aaf398,刮画艺术风格（Scratch Art）。黑色涂层底板，用刮刀刮出彩色或金色底层。丹顶鹤在雪山中飞舞，用细刮刀刮出白色线条勾勒鹤身轮廓和羽毛纹理，黑色翅尖和尾羽保留黑色底，头顶刮出朱红色或金色圆形斑。展翅飞翔姿态，翅膀展开，长颈伸展，双腿拖后，用流畅刮痕线条表现动态。背景山峦用粗刮刀刮出轮廓线和山体纹理，刮出蓝色、紫色、银色底层表现雪山，深浅线条密度变化表现山体明暗起伏。雪花用刮刀刮出白色或银色小点、星形、圆点，大小不一散布画面。黑色底板为主，刮出的彩色线条形成对比：白色鹤身、朱红头顶、蓝紫银色山峦、白银色雪花。线条感强，刮痕粗细变化，手工质感，黑色与彩色强烈对比。装饰性构图，平面感，线条简洁有力。神秘梦幻氛围，版画感。,qwen,,,completed,37750b96-fd66-46c8-a9cc-6463fd5740b9,3,一只丹顶鹤向画面左方展翅飞翔，周围有点状、六角形的雪花点缀。背景是两座有棱角的山峰，位于画面偏左，一座在画面左上方，一座在画面左下方，丹顶鹤位于两座山峰之间，上方的山峰山尖右侧是一轮红日，下方的山峰右侧还有较矮的群山。图片背景是黑色。山峰的形状偏写实但纹理比较抽象，用黑白色代表亮暗面,94,revisions/rev_198ba082-f4d7-49e7-afc6-01e2acf158a8_3.jpg,revision,qwen,70.0,0.7611,0.3607,0.0886,,0.6191508571306562,False,False,2025-11-21T09:45:19,31cc14eb-7942-4010-a2e8-80d6246fc38c,6.0,7.0,5.0,6.0,红日的位置和大小略有误差，雪花的形状不一致，下方的山峰位置不一样，山峰的形状不一样,2025-11-21T09:45:22.297946
2dc4be22-e04d-4f56-bd04-d01dd1e58335,test005,active,2025-11-20T07:38:08.444282,,198ba082-f4d7-49e7-afc6-01e2acf158a8,1,21,tgt_0021.jpg,2e7cddff326da9ee7a1037721f0f8234a051536d436c920790b20cf863aaf398,刮画艺术风格（Scratch Art）。黑色涂层底板，用刮刀刮出彩色或金色底层。丹顶鹤在雪山中飞舞，用细刮刀刮出白色线条勾勒鹤身轮廓和羽毛纹理，黑色翅尖和尾羽保留黑色底，头顶刮出朱红色或金色圆形斑。展翅飞翔姿态，翅膀展开，长颈伸展，双腿拖后，用流畅刮痕线条表现动态。背景山峦用粗刮刀刮出轮廓线和山体纹理，刮出蓝色、紫色、银色底层表现雪山，深浅线条密度变化表现山体明暗起伏。雪花用刮刀刮出白色或银色小点、星形、圆点，大小不一散布画面。黑色底板为主，刮出的彩色线条形成对比：白色鹤身、朱红头顶、蓝紫银色山峦、白银色雪花。线条感强，刮痕粗细变化，手工质感，黑色与彩色强烈对比。装饰性构图，平面感，线条简洁有力。神秘梦幻氛围，版画感。,qwen,,,completed,79d09b76-eb78-4eca-b607-0711b49facee,4,一只丹顶鹤（占据画面约60面积）向画面左方展翅飞翔，周围有点状、六角形的雪花点缀。背景是两座有棱角的山峰，位于画面偏左，一座在画面左上方，一座在画面左下方，丹顶鹤位于两座山峰之间，上方的山峰山尖右侧是一轮红日，下方的山峰右侧还有较矮的群山。图片是正方形的，背景是黑色。山峰的形状偏写实但纹理比较抽象，用黑白色代表亮暗面。,57,revisions/rev_198ba082-f4d7-49e7-afc6-01e2acf158a8_4.jpg,revision,qwen,75.0,0.8455,0.3184,0.122,,0.6994898277619177,False,False,2025-11-21T09:46:36,0577f9f5-869b-4bba-a14e-b65e50e41d20,6.0,7.0,5.0,6.0,红日的位置和大小略有误差，雪花的形状不一致，下方的山峰位置不一样，山峰的形状不一样,2025-11-21T09:46:38.886899
2dc4be22-e04d-4f56-bd04-d01dd1e58335,test005,active,2025-11-20T07:38:08.444282,,198ba082-f4d7-49e7-afc6-01e2acf158a8,1,21,tgt_0021.jpg,2e7cddff326da9ee7a1037721f0f8234a051536d436c920790b20cf863aaf398,刮画艺术风格（Scratch Art）。黑色涂层底板，用刮刀刮出彩色或金色底层。丹顶鹤在雪山中飞舞，用细刮刀刮出白色线条勾勒鹤身轮廓和羽毛纹理，黑色翅尖和尾羽保留黑色底，头顶刮出朱红色或金色圆形斑。展翅飞翔姿态，翅膀展开，长颈伸展，双腿拖后，用流畅刮痕线条表现动态。背景山峦用粗刮刀刮出轮廓线和山体纹理，刮出蓝色、紫色、银色底层表现雪山，深浅线条密度变化表现山体明暗起伏。雪花用刮刀刮出白色或银色小点、星形、圆点，大小不一散布画面。黑色底板为主，刮出的彩色线条形成对比：白色鹤身、朱红头顶、蓝紫银色山峦、白银色雪花。线条感强，刮痕粗细变化，手工质感，黑色与彩色强烈对比。装饰性构图，平面感，线条简洁有力。神秘梦幻氛围，版画感。,qwen,,,completed,fb195e4d-d0d5-4d90-9216-4ba7a49b1c18,5,一只丹顶鹤（占据画面约60%面积）向画面左方展翅飞翔，周围有点状、六角形的雪花点缀。背景是两座有棱角的山峰，位于画面偏左，一座在画面左上方，一座在画面左下方，丹顶鹤位于两座山峰之间，上方的山峰山尖右侧是一轮红日，下方的山峰右侧还有较矮的群山。图片是正方形的，背景是黑色。山峰的形状偏写实，用黑白色代表亮暗面。,33,revisions/rev_198ba082-f4d7-49e7-afc6-01e2acf158a8_5.jpg,revision,qwen,75.0,0.8735,0.2999,0.105,,0.7203980761188404,False,False,2025-11-21T09:47:33,594ddaa5-c1ea-4320-a19f-df48a3ddc5f1,6.0,7.0,5.0,6.0,红日的位置和大小略有误差，雪花的形状不一致，下方的山峰位置不一样，山峰的形状不一样,2025-11-21T09:47:35.046491
2dc4be22-e04d-4f56-bd04-d01dd1e58335,test005,active,2025-11-20T07:38:08.444282,,198ba082-f4d7-49e7-afc6-01e2acf158a8,1,21,tgt_0021.jpg,2e7cddff326da9ee7a1037721f0f8234a051536d436c920790b20cf863aaf398,刮画艺术风格（Scratch Art）。黑色涂层底板，用刮刀刮出彩色或金色底层。丹顶鹤在雪山中飞舞，用细刮刀刮出白色线条勾勒鹤身轮廓和羽毛纹理，黑色翅尖和尾羽保留黑色底，头顶刮出朱红色或金色圆形斑。展翅飞翔姿态，翅膀展开，长颈伸展，双腿拖后，用流畅刮痕线条表现动态。背景山峦用粗刮刀刮出轮廓线和山体纹理，刮出蓝色、紫色、银色底层表现雪山，深浅线条密度变化表现山体明暗起伏。雪花用刮刀刮出白色或银色小点、星形、圆点，大小不一散布画面。黑色底板为主，刮出的彩色线条形成对比：白色鹤身、朱红头顶、蓝紫银色山峦、白银色雪花。线条感强，刮痕粗细变化，手工质感，黑色与彩色强烈对比。装饰性构图，平面感，线条简洁有力。神秘梦幻氛围，版画感。,qwen,,,completed,941750ec-01ef-4697-a9b0-dcab90ff0a57,6,一只丹顶鹤（占据画面约70%面积）向画面左方展翅飞翔，周围有点状的和六角形的雪花点缀。 背景是两座有棱角的山峰，位于画面偏左，一座在画面左上方，一座在画面左下方，丹顶鹤位于两座山峰之间，上方的山峰山尖右侧是一轮红日，下方的山峰右侧还有较矮的群山。山峰的形状偏写实，用黑白色代表亮暗面，上方的山峰被太阳照射的地方还有暖色。 图片是正方形的，背景是黑色。,58,revisions/rev_198ba082-f4d7-49e7-afc6-01e2acf158a8_6.jpg,revision,qwen,78.0,0.866,0.272,0.1135,,0.7074864101311032,False,False,2025-11-21T09:48:44,61001b45-06b5-4b7c-ab6c-0232724f9ca4,6.0,7.0,5.0,6.0,红日的位置和大小略有误差，雪花的形状不一致，下方的山峰位置不一样，山峰的形状不一样,2025-11-21T09:48:47.021532
2dc4be22-e04d-4f56-bd04-d01dd1e58335,test005,active,2025-11-20T07:38:08.444282,,198ba082-f4d7-49e7-afc6-01e2acf158a8,1,21,tgt_0021.jpg,2e7cddff326da9ee7a1037721f0f8234a051536d436c920790b20cf863aaf398,刮画艺术风格（Scratch Art）。黑色涂层底板，用刮刀刮出彩色或金色底层。丹顶鹤在雪山中飞舞，用细刮刀刮出白色线条勾勒鹤身轮廓和羽毛纹理，黑色翅尖和尾羽保留黑色底，头顶刮出朱红色或金色圆形斑。展翅飞翔姿态，翅膀展开，长颈伸展，双腿拖后，用流畅刮痕线条表现动态。背景山峦用粗刮刀刮出轮廓线和山体纹理，刮出蓝色、紫色、银色底层表现雪山，深浅线条密度变化表现山体明暗起伏。雪花用刮刀刮出白色或银色小点、星形、圆点，大小不一散布画面。黑色底板为主，刮出的彩色线条形成对比：白色鹤身、朱红头顶、蓝紫银色山峦、白银色雪花。线条感强，刮痕粗细变化，手工质感，黑色与彩色强烈对比。装饰性构图，平面感，线条简洁有力。神秘梦幻氛围，版画感。,qwen,,,completed,c593182e-3b8f-4642-8e50-ce0c7c5e6ea6,7,一只丹顶鹤（占据画面约70%面积）向画面左方展翅飞翔，周围有点状的和六角形的雪花点缀。 背景是两座有棱角的山峰，位于画面偏左，一座在画面左上方，一座在画面左下方，丹顶鹤位于两座山峰之间，上方的山峰山尖右侧是一轮红日，下方的山峰右侧还有较矮的群山。山峰的画风偏写实，用黑白色代表亮暗面，上方的山峰被太阳照射的地方还有暖色。 图片是正方形的，背景是黑色。,11,revisions/rev_198ba082-f4d7-49e7-afc6-01e2acf158a8_7.jpg,revision,qwen,78.0,0.8411,0.461,0.093,,0.7248177075845765,True,True,2025-11-21T09:49:42,2ca02146-b9fa-4fdf-bc87-a637ca53d628,6.0,7.0,5.0,6.0,红日的位置和大小略有误差，雪花的形状不一致，下方的山峰位置不一样，山峰的形状不一样,2025-11-21T09:49:44.748455
2dc4be22-e04d-4f56-bd04-d01dd1e58335,test005,active,2025-11-20T07:38:08.444282,,c570f061-5951-4310-bfb2-5916151d239a,2,14,tgt_0014.jpg,2e5cb29d2bd6a6e8e502261c468bcdf9e7f1feae6457ab93739076aa2ac26c55,写实风格，都市生活摄影。雨天傍晚或夜晚，下班族从公司出来正在打车。街道水平视角，人物占30-50%画面，清晰焦点。25岁职场人士，男性西装外套或商务休闲装，衬衫西裤皮鞋。外穿风衣，衣服略有雨水湿痕。撑开黑色雨伞，伞面有水珠，。另一只手手持公文包。站在路边或公司门口台阶，身体略前倾向前张望，目光注视前方寻找车辆。面部表情疲惫焦急专注，头发略湿略凌乱，眼镜有雨滴。正在下雨，雨丝从天空斜向落下，密集，在光线中清晰可见。地面湿润沥青路面深色反光，浅层积水（1-3cm），水面涟漪，建筑灯光、街灯、车灯在积水中倒影清晰，略有波动扭曲。雨滴打在伞面、衣服、头发上，水珠挂在表面。背景现代办公楼，玻璃幕墙外立面，旋转门，内部冷白灯光透出。街道湿润人行道和马路，路灯发光在雨中形成光晕，出租车正驶来，车身湿润反光，车灯亮起，挡风玻璃雨刷摆动。其他车辆虚化，灯光拖尾。傍晚天色渐暗蓝调时刻，深蓝天空，。多光源照明：建筑暖黄灯光、街灯橙黄光、车灯白光、手机屏蓝白光。灯光在雨雾中扩散形成光晕Bloom效果，雨丝在光束中闪烁。冷暖色调对比，冷色蓝灰天空和路面，暖色橙黄灯光。低饱和度灰蒙蒙，深色基调。人物服装深色系（黑深蓝灰米色）。中等景深，人物清晰，背景建筑街道虚化。高清晰度，湿润材质质感真实。都市生活疲惫焦急气氛，雨夜职场日常，现代感真实感，纪实摄影风格。,qwen,,,completed,1d8d7c2f-c1d5-43c4-a789-c42bd7febb3f,1,画面的左边是一个男人，右手提着公文包，左手拿着雨伞，面向右方。男人站在路左侧，路上有一辆亮着灯的出租车在行驶，路两边还有路灯，路的右边是一座大厦。,129,generations/gen_tgt_0014.jpg,initial,qwen,50.0,0.6609,0.1525,0.0935,,0.468509799165812,False,False,2025-11-20T07:47:02,9936a33b-fd52-4d81-be87-a0533a23c387,2.0,6.0,5.0,3.0,画风比较抽象，目标偏写实 道路的朝向有偏差 人应该撑着雨伞,2025-11-20T08:03:29.502732
2dc4be22-e04d-4f56-bd04-d01dd1e58335,test005,active,2025-11-20T07:38:08.444282,,c570f061-5951-4310-bfb2-5916151d239a,2,14,tgt_0014.jpg,2e5cb29d2bd6a6e8e502261c468bcdf9e7f1feae6457ab93739076aa2ac26c55,写实风格，都市生活摄影。雨天傍晚或夜晚，下班族从公司出来正在打车。街道水平视角，人物占30-50%画面，清晰焦点。25岁职场人士，男性西装外套或商务休闲装，衬衫西裤皮鞋。外穿风衣，衣服略有雨水湿痕。撑开黑色雨伞，伞面有水珠，。另一只手手持公文包。站在路边或公司门口台阶，身体略前倾向前张望，目光注视前方寻找车辆。面部表情疲惫焦急专注，头发略湿略凌乱，眼镜有雨滴。正在下雨，雨丝从天空斜向落下，密集，在光线中清晰可见。地面湿润沥青路面深色反光，浅层积水（1-3cm），水面涟漪，建筑灯光、街灯、车灯在积水中倒影清晰，略有波动扭曲。雨滴打在伞面、衣服、头发上，水珠挂在表面。背景现代办公楼，玻璃幕墙外立面，旋转门，内部冷白灯光透出。街道湿润人行道和马路，路灯发光在雨中形成光晕，出租车正驶来，车身湿润反光，车灯亮起，挡风玻璃雨刷摆动。其他车辆虚化，灯光拖尾。傍晚天色渐暗蓝调时刻，深蓝天空，。多光源照明：建筑暖黄灯光、街灯橙黄光、车灯白光、手机屏蓝白光。灯光在雨雾中扩散形成光晕Bloom效果，雨丝在光束中闪烁。冷暖色调对比，冷色蓝灰天空和路面，暖色橙黄灯光。低饱和度灰蒙蒙，深色基调。人物服装深色系（黑深蓝灰米色）。中等景深，人物清晰，背景建筑街道虚化。高清晰度，湿润材质质感真实。都市生活疲惫焦急气氛，雨夜职场日常，现代感真实感，纪实摄影风格。,qwen,,,completed,716be7eb-89c1-4859-8d50-735065300b06,2,画面的左边是一个男人，右手提着公文包，左手撑着雨伞，面向右方。男人站在路左侧，路上有一辆亮着灯的出租车在行驶，路两边还有路灯，路的右边是一座大厦。 发生在雨天，画风偏写实,28,revisions/rev_c570f061-5951-4310-bfb2-5916151d239a_2.jpg,revision,qwen,90.0,0.8793,0.4834,0.146,,0.7775416793996454,False,False,2025-11-20T08:04:10,ee3b4830-6e1b-4833-9b0e-8e3177f77de1,6.0,6.0,6.0,7.0,男人没有戴眼镜，大楼楼下没有旋转玻璃门,2025-11-20T08:07:20.705624
2dc4be22-e04d-4f56-bd04-d01dd1e58335,test005,active,2025-11-20T07:38:08.444282,,c570f061-5951-4310-bfb2-5916151d239a,2,14,tgt_0014.jpg,2e5cb29d2bd6a6e8e502261c468bcdf9e7f1feae6457ab93739076aa2ac26c55,写实风格，都市生活摄影。雨天傍晚或夜晚，下班族从公司出来正在打车。街道水平视角，人物占30-50%画面，清晰焦点。25岁职场人士，男性西装外套或商务休闲装，衬衫西裤皮鞋。外穿风衣，衣服略有雨水湿痕。撑开黑色雨伞，伞面有水珠，。另一只手手持公文包。站在路边或公司门口台阶，身体略前倾向前张望，目光注视前方寻找车辆。面部表情疲惫焦急专注，头发略湿略凌乱，眼镜有雨滴。正在下雨，雨丝从天空斜向落下，密集，在光线中清晰可见。地面湿润沥青路面深色反光，浅层积水（1-3cm），水面涟漪，建筑灯光、街灯、车灯在积水中倒影清晰，略有波动扭曲。雨滴打在伞面、衣服、头发上，水珠挂在表面。背景现代办公楼，玻璃幕墙外立面，旋转门，内部冷白灯光透出。街道湿润人行道和马路，路灯发光在雨中形成光晕，出租车正驶来，车身湿润反光，车灯亮起，挡风玻璃雨刷摆动。其他车辆虚化，灯光拖尾。傍晚天色渐暗蓝调时刻，深蓝天空，。多光源照明：建筑暖黄灯光、街灯橙黄光、车灯白光、手机屏蓝白光。灯光在雨雾中扩散形成光晕Bloom效果，雨丝在光束中闪烁。冷暖色调对比，冷色蓝灰天空和路面，暖色橙黄灯光。低饱和度灰蒙蒙，深色基调。人物服装深色系（黑深蓝灰米色）。中等景深，人物清晰，背景建筑街道虚化。高清晰度，湿润材质质感真实。都市生活疲惫焦急气氛，雨夜职场日常，现代感真实感，纪实摄影风格。,qwen,,,completed,058061dc-0bba-4238-9378-c0cd76cc0094,3,画面的左边是一个戴着眼镜的男人，右手提着公文包，左手撑着雨伞，面向右方。男人站在路左侧，路上有一辆亮着灯的出租车在行驶，路两边还有路灯，路的右边是一座大厦，大厦楼下有玻璃旋转门。 发生在雨天，画风偏写实,26,revisions/rev_c570f061-5951-4310-bfb2-5916151d239a_3.jpg,revision,qwen,90.0,0.921,0.5146,0.1115,,0.8214011813723673,False,False,2025-11-20T08:07:56,346affaa-10b6-45f6-8563-6a683217e39a,6.0,7.0,6.0,7.0,缺少外面的风衣，人物朝向不正确,2025-11-21T09:15:03.146784
2dc4be22-e04d-4f56-bd04-d01dd1e58335,test005,active,2025-11-20T07:38:08.444282,,c570f061-5951-4310-bfb2-5916151d239a,2,14,tgt_0014.jpg,2e5cb29d2bd6a6e8e502261c468bcdf9e7f1feae6457ab93739076aa2ac26c55,写实风格，都市生活摄影。雨天傍晚或夜晚，下班族从公司出来正在打车。街道水平视角，人物占30-50%画面，清晰焦点。25岁职场人士，男性西装外套或商务休闲装，衬衫西裤皮鞋。外穿风衣，衣服略有雨水湿痕。撑开黑色雨伞，伞面有水珠，。另一只手手持公文包。站在路边或公司门口台阶，身体略前倾向前张望，目光注视前方寻找车辆。面部表情疲惫焦急专注，头发略湿略凌乱，眼镜有雨滴。正在下雨，雨丝从天空斜向落下，密集，在光线中清晰可见。地面湿润沥青路面深色反光，浅层积水（1-3cm），水面涟漪，建筑灯光、街灯、车灯在积水中倒影清晰，略有波动扭曲。雨滴打在伞面、衣服、头发上，水珠挂在表面。背景现代办公楼，玻璃幕墙外立面，旋转门，内部冷白灯光透出。街道湿润人行道和马路，路灯发光在雨中形成光晕，出租车正驶来，车身湿润反光，车灯亮起，挡风玻璃雨刷摆动。其他车辆虚化，灯光拖尾。傍晚天色渐暗蓝调时刻，深蓝天空，。多光源照明：建筑暖黄灯光、街灯橙黄光、车灯白光、手机屏蓝白光。灯光在雨雾中扩散形成光晕Bloom效果，雨丝在光束中闪烁。冷暖色调对比，冷色蓝灰天空和路面，暖色橙黄灯光。低饱和度灰蒙蒙，深色基调。人物服装深色系（黑深蓝灰米色）。中等景深，人物清晰，背景建筑街道虚化。高清晰度，湿润材质质感真实。都市生活疲惫焦急气氛，雨夜职场日常，现代感真实感，纪实摄影风格。,qwen,,,completed,294b766d-5756-4a40-8cf5-be7d2fcd6a0c,4,画面的左边是一个戴着眼镜的男人，右手提着公文包，左手撑着雨伞，面向右方。男人站在路左侧，路上有一辆亮着灯的出租车在行驶，路两边还有路灯，路的右边是一座大厦，大厦楼下有玻璃旋转门。 发生在雨天，画风偏写实,309,revisions/rev_c570f061-5951-4310-bfb2-5916151d239a_4.jpg,revision,qwen,90.0,0.921,0.5146,0.1115,,0.8214011813723673,False,False,2025-11-21T09:15:26,1e4841ff-7215-47d3-96b2-d9e75734ccae,6.0,7.0,6.0,7.0,缺少外面的风衣，人物朝向不正确,2025-11-21T09:15:29.129750
2dc4be22-e04d-4f56-bd04-d01dd1e58335,test005,active,2025-11-20T07:38:08.444282,,c570f061-5951-4310-bfb2-5916151d239a,2,14,tgt_0014.jpg,2e5cb29d2bd6a6e8e502261c468bcdf9e7f1feae6457ab93739076aa2ac26c55,写实风格，都市生活摄影。雨天傍晚或夜晚，下班族从公司出来正在打车。街道水平视角，人物占30-50%画面，清晰焦点。25岁职场人士，男性西装外套或商务休闲装，衬衫西裤皮鞋。外穿风衣，衣服略有雨水湿痕。撑开黑色雨伞，伞面有水珠，。另一只手手持公文包。站在路边或公司门口台阶，身体略前倾向前张望，目光注视前方寻找车辆。面部表情疲惫焦急专注，头发略湿略凌乱，眼镜有雨滴。正在下雨，雨丝从天空斜向落下，密集，在光线中清晰可见。地面湿润沥青路面深色反光，浅层积水（1-3cm），水面涟漪，建筑灯光、街灯、车灯在积水中倒影清晰，略有波动扭曲。雨滴打在伞面、衣服、头发上，水珠挂在表面。背景现代办公楼，玻璃幕墙外立面，旋转门，内部冷白灯光透出。街道湿润人行道和马路，路灯发光在雨中形成光晕，出租车正驶来，车身湿润反光，车灯亮起，挡风玻璃雨刷摆动。其他车辆虚化，灯光拖尾。傍晚天色渐暗蓝调时刻，深蓝天空，。多光源照明：建筑暖黄灯光、街灯橙黄光、车灯白光、手机屏蓝白光。灯光在雨雾中扩散形成光晕Bloom效果，雨丝在光束中闪烁。冷暖色调对比，冷色蓝灰天空和路面，暖色橙黄灯光。低饱和度灰蒙蒙，深色基调。人物服装深色系（黑深蓝灰米色）。中等景深，人物清晰，背景建筑街道虚化。高清晰度，湿润材质质感真实。都市生活疲惫焦急气氛，雨夜职场日常，现代感真实感，纪实摄影风格。,qwen,,,completed,3d3aa3da-c7c6-45a9-b96d-d4074c2b80b5,5,画面的左边是一个戴着眼镜、身着西装、外披驼色风衣的年轻男人，右手提着公文包，左手撑着雨伞，面向画面外侧偏右。男人站在路左侧，路上有一辆亮着灯的出租车在行驶，路两边还有路灯，路的右边是一座大厦，大厦楼下有玻璃旋转门。 发生在雨天，画风偏写实,51,revisions/rev_c570f061-5951-4310-bfb2-5916151d239a_5.jpg,revision,qwen,95.0,0.9312,0.4777,0.1009,,0.8209731690215654,False,False,2025-11-21T09:18:07,34c9a152-11e1-46dd-9af3-442616ae2448,6.0,7.0,6.0,7.0,缺少外面的风衣，人物朝向不正确,2025-11-21T09:18:09.876415
2dc4be22-e04d-4f56-bd04-d01dd1e58335,test005,active,2025-11-20T07:38:08.444282,,c570f061-5951-4310-bfb2-5916151d239a,2,14,tgt_0014.jpg,2e5cb29d2bd6a6e8e502261c468bcdf9e7f1feae6457ab93739076aa2ac26c55,写实风格，都市生活摄影。雨天傍晚或夜晚，下班族从公司出来正在打车。街道水平视角，人物占30-50%画面，清晰焦点。25岁职场人士，男性西装外套或商务休闲装，衬衫西裤皮鞋。外穿风衣，衣服略有雨水湿痕。撑开黑色雨伞，伞面有水珠，。另一只手手持公文包。站在路边或公司门口台阶，身体略前倾向前张望，目光注视前方寻找车辆。面部表情疲惫焦急专注，头发略湿略凌乱，眼镜有雨滴。正在下雨，雨丝从天空斜向落下，密集，在光线中清晰可见。地面湿润沥青路面深色反光，浅层积水（1-3cm），水面涟漪，建筑灯光、街灯、车灯在积水中倒影清晰，略有波动扭曲。雨滴打在伞面、衣服、头发上，水珠挂在表面。背景现代办公楼，玻璃幕墙外立面，旋转门，内部冷白灯光透出。街道湿润人行道和马路，路灯发光在雨中形成光晕，出租车正驶来，车身湿润反光，车灯亮起，挡风玻璃雨刷摆动。其他车辆虚化，灯光拖尾。傍晚天色渐暗蓝调时刻，深蓝天空，。多光源照明：建筑暖黄灯光、街灯橙黄光、车灯白光、手机屏蓝白光。灯光在雨雾中扩散形成光晕Bloom效果，雨丝在光束中闪烁。冷暖色调对比，冷色蓝灰天空和路面，暖色橙黄灯光。低饱和度灰蒙蒙，深色基调。人物服装深色系（黑深蓝灰米色）。中等景深，人物清晰，背景建筑街道虚化。高清晰度，湿润材质质感真实。都市生活疲惫焦急气氛，雨夜职场日常，现代感真实感，纪实摄影风格。,qwen,,,completed,aef936ac-20d0-4110-8103-7bda1c618d14,6,画面的左边是一个戴着眼镜、身着西装、外披驼色风衣、脚穿锃亮皮鞋的年轻男人，右手提着公文包，左手撑着雨伞，面向画面外侧偏右。男人站在路左侧，路上有一辆亮着灯的出租车在行驶，路两边还有路灯，路的右边是一座大厦，大厦楼下有玻璃旋转门。 发生在雨天，画风偏写实,29,revisions/rev_c570f061-5951-4310-bfb2-5916151d239a_6.jpg,revision,qwen,97.0,0.93,0.4957,0.1066,,0.8250745418293502,False,False,2025-11-21T09:19:03,367c5dfa-1524-4136-b132-f4cd5f62c206,6.0,7.0,6.0,7.0,缺少外面的风衣，人物朝向不正确,2025-11-21T09:19:05.532881
2dc4be22-e04d-4f56-bd04-d01dd1e58335,test005,active,2025-11-20T07:38:08.444282,,c570f061-5951-4310-bfb2-5916151d239a,2,14,tgt_0014.jpg,2e5cb29d2bd6a6e8e502261c468bcdf9e7f1feae6457ab93739076aa2ac26c55,写实风格，都市生活摄影。雨天傍晚或夜晚，下班族从公司出来正在打车。街道水平视角，人物占30-50%画面，清晰焦点。25岁职场人士，男性西装外套或商务休闲装，衬衫西裤皮鞋。外穿风衣，衣服略有雨水湿痕。撑开黑色雨伞，伞面有水珠，。另一只手手持公文包。站在路边或公司门口台阶，身体略前倾向前张望，目光注视前方寻找车辆。面部表情疲惫焦急专注，头发略湿略凌乱，眼镜有雨滴。正在下雨，雨丝从天空斜向落下，密集，在光线中清晰可见。地面湿润沥青路面深色反光，浅层积水（1-3cm），水面涟漪，建筑灯光、街灯、车灯在积水中倒影清晰，略有波动扭曲。雨滴打在伞面、衣服、头发上，水珠挂在表面。背景现代办公楼，玻璃幕墙外立面，旋转门，内部冷白灯光透出。街道湿润人行道和马路，路灯发光在雨中形成光晕，出租车正驶来，车身湿润反光，车灯亮起，挡风玻璃雨刷摆动。其他车辆虚化，灯光拖尾。傍晚天色渐暗蓝调时刻，深蓝天空，。多光源照明：建筑暖黄灯光、街灯橙黄光、车灯白光、手机屏蓝白光。灯光在雨雾中扩散形成光晕Bloom效果，雨丝在光束中闪烁。冷暖色调对比，冷色蓝灰天空和路面，暖色橙黄灯光。低饱和度灰蒙蒙，深色基调。人物服装深色系（黑深蓝灰米色）。中等景深，人物清晰，背景建筑街道虚化。高清晰度，湿润材质质感真实。都市生活疲惫焦急气氛，雨夜职场日常，现代感真实感，纪实摄影风格。,qwen,,,completed,9f96b988-29b5-4b0f-a4e7-2e566743c487,7,画面的左边是一个戴着眼镜、身着西装、外披驼色风衣、脚穿锃亮皮鞋的年轻男人，右手提着公文包，左手撑着雨伞，面向画面外侧偏右。男人站在路左侧，路上有一辆亮着灯的出租车在行驶，路两边还有路灯，路的右边是一座大厦，大厦楼下有玻璃旋转门。 发生在雨天，天空灰蓝色，画风偏写实,28,revisions/rev_c570f061-5951-4310-bfb2-5916151d239a_7.jpg,revision,qwen,97.0,0.9326,0.5182,0.1354,,0.8379309699295936,False,False,2025-11-21T09:20:12,ebe2ee4d-c07c-44b2-98fc-7848e64da513,6.0,7.0,6.0,7.0,缺少外面的风衣，人物朝向不正确,2025-11-21T09:20:14.709791
2dc4be22-e04d-4f56-bd04-d01dd1e58335,test005,active,2025-11-20T07:38:08.444282,,c570f061-5951-4310-bfb2-5916151d239a,2,14,tgt_0014.jpg,2e5cb29d2bd6a6e8e502261c468bcdf9e7f1feae6457ab93739076aa2ac26c55,写实风格，都市生活摄影。雨天傍晚或夜晚，下班族从公司出来正在打车。街道水平视角，人物占30-50%画面，清晰焦点。25岁职场人士，男性西装外套或商务休闲装，衬衫西裤皮鞋。外穿风衣，衣服略有雨水湿痕。撑开黑色雨伞，伞面有水珠，。另一只手手持公文包。站在路边或公司门口台阶，身体略前倾向前张望，目光注视前方寻找车辆。面部表情疲惫焦急专注，头发略湿略凌乱，眼镜有雨滴。正在下雨，雨丝从天空斜向落下，密集，在光线中清晰可见。地面湿润沥青路面深色反光，浅层积水（1-3cm），水面涟漪，建筑灯光、街灯、车灯在积水中倒影清晰，略有波动扭曲。雨滴打在伞面、衣服、头发上，水珠挂在表面。背景现代办公楼，玻璃幕墙外立面，旋转门，内部冷白灯光透出。街道湿润人行道和马路，路灯发光在雨中形成光晕，出租车正驶来，车身湿润反光，车灯亮起，挡风玻璃雨刷摆动。其他车辆虚化，灯光拖尾。傍晚天色渐暗蓝调时刻，深蓝天空，。多光源照明：建筑暖黄灯光、街灯橙黄光、车灯白光、手机屏蓝白光。灯光在雨雾中扩散形成光晕Bloom效果，雨丝在光束中闪烁。冷暖色调对比，冷色蓝灰天空和路面，暖色橙黄灯光。低饱和度灰蒙蒙，深色基调。人物服装深色系（黑深蓝灰米色）。中等景深，人物清晰，背景建筑街道虚化。高清晰度，湿润材质质感真实。都市生活疲惫焦急气氛，雨夜职场日常，现代感真实感，纪实摄影风格。,qwen,,,completed,564e02e9-fe0e-4b10-9a61-6e038fc70fc8,8,画面的左边是一个戴着眼镜、身着黑色西装、内衬白色、外披驼色风衣、脚穿锃亮皮鞋的年轻男人，右手提着公文包，左手撑着雨伞，面向画面外侧偏右。男人站在路左侧，路上有一辆亮着灯的出租车在行驶，路两边还有路灯，路的右边是一座大厦，大厦楼下有玻璃旋转门。 发生在雨天，天空灰蓝色，画风偏写实,22,revisions/rev_c570f061-5951-4310-bfb2-5916151d239a_8.jpg,revision,qwen,97.0,0.9263,0.5141,0.1303,,0.8297416581478171,False,False,2025-11-21T09:21:54,d7dee812-4229-42d6-b7e7-01275e68d049,6.0,7.0,6.0,7.0,缺少外面的风衣，人物朝向不正确,2025-11-21T09:21:56.979957
2dc4be22-e04d-4f56-bd04-d01dd1e58335,test005,active,2025-11-20T07:38:08.444282,,d17425bb-dad2-40a1-b20d-e13ae1cba2bb,3,22,tgt_0022.jpg,7d8e257bcd2ff9eae2c2dd767304786ec2c06eff2ca85cf0048813daa5e92bfb,刮画艺术风格。黑色涂层底板，刮出金色底层。银杏树林为主体，5棵银杏树错落排列，前景树粗壮高大清晰，后景树渐小渐虚。树干用粗刮刀刮出金色竖向线条，树皮纹理用细密刮痕，分枝向上延伸交错。树冠茂密，大量扇形银杏叶用金色刮出，叶片轮廓和放射状叶脉清晰，叶片密集挂在枝头形成树冠，部分叶片飘落空中和地面。地面铺满金色落叶，用刮刀刮出散落的扇形叶片，大小不一，方向各异，层层叠叠。3只蝴蝶在树林间飞舞，翅膀展开，金色轮廓和花纹细腻对称，分布在不同位置增加动感。黑色底板为主，刮出的金色线条形成强烈对比：金色树干树枝、金色银杏叶密集、金色落叶铺地、金色蝴蝶飞舞，整体呈现金色森林在黑色背景上闪耀。线条流畅有粗细变化，手工刻画质感明显。构图纵深感强，前中后景层次分明，树木从近到远，营造树林空间感。金色光泽华丽，黑金对比强烈，装饰性浓厚，秋日银杏林唯美梦幻氛围。,qwen,,,completed,9309e7c2-bb8c-441b-a236-b6de80ccad51,1,黑色的背景，画中有几棵银杏树，地上是落叶，还有几只飞舞的蝴蝶，图片的风格比较抽象，不是真实的场景,90,generations/gen_tgt_0022.jpg,initial,qwen,80.0,0.8819,0.5467,0.0576,,0.7808353476196643,False,False,2025-11-20T07:48:34,91e2912d-5b22-4c3a-8b1f-cf95d904d18a,5.0,6.0,5.0,7.0,蝴蝶颜色不一致，银杏树数量不一致，树干的画风偏写实,2025-11-20T08:05:24.092244
2dc4be22-e04d-4f56-bd04-d01dd1e58335,test005,active,2025-11-20T07:38:08.444282,,d17425bb-dad2-40a1-b20d-e13ae1cba2bb,3,22,tgt_0022.jpg,7d8e257bcd2ff9eae2c2dd767304786ec2c06eff2ca85cf0048813daa5e92bfb,刮画艺术风格。黑色涂层底板，刮出金色底层。银杏树林为主体，5棵银杏树错落排列，前景树粗壮高大清晰，后景树渐小渐虚。树干用粗刮刀刮出金色竖向线条，树皮纹理用细密刮痕，分枝向上延伸交错。树冠茂密，大量扇形银杏叶用金色刮出，叶片轮廓和放射状叶脉清晰，叶片密集挂在枝头形成树冠，部分叶片飘落空中和地面。地面铺满金色落叶，用刮刀刮出散落的扇形叶片，大小不一，方向各异，层层叠叠。3只蝴蝶在树林间飞舞，翅膀展开，金色轮廓和花纹细腻对称，分布在不同位置增加动感。黑色底板为主，刮出的金色线条形成强烈对比：金色树干树枝、金色银杏叶密集、金色落叶铺地、金色蝴蝶飞舞，整体呈现金色森林在黑色背景上闪耀。线条流畅有粗细变化，手工刻画质感明显。构图纵深感强，前中后景层次分明，树木从近到远，营造树林空间感。金色光泽华丽，黑金对比强烈，装饰性浓厚，秋日银杏林唯美梦幻氛围。,qwen,,,completed,7047b96a-bb32-4638-b50b-8bc64be12a4c,2,黑色的背景，画中有几棵银杏树，地上是落叶，还有几只飞舞的蝴蝶，蝴蝶的颜色和银杏叶一致，图片的风格比较抽象，不是真实的场景,42,revisions/rev_d17425bb-dad2-40a1-b20d-e13ae1cba2bb_2.jpg,revision,qwen,75.0,0.8862,0.5647,0.0578,,0.7895661245702559,False,False,2025-11-20T08:06:20,,,,,,,
2dc4be22-e04d-4f56-bd04-d01dd1e58335,test005,active,2025-11-20T07:38:08.444282,,d17425bb-dad2-40a1-b20d-e13ae1cba2bb,3,22,tgt_0022.jpg,7d8e257bcd2ff9eae2c2dd767304786ec2c06eff2ca85cf0048813daa5e92bfb,刮画艺术风格。黑色涂层底板，刮出金色底层。银杏树林为主体，5棵银杏树错落排列，前景树粗壮高大清晰，后景树渐小渐虚。树干用粗刮刀刮出金色竖向线条，树皮纹理用细密刮痕，分枝向上延伸交错。树冠茂密，大量扇形银杏叶用金色刮出，叶片轮廓和放射状叶脉清晰，叶片密集挂在枝头形成树冠，部分叶片飘落空中和地面。地面铺满金色落叶，用刮刀刮出散落的扇形叶片，大小不一，方向各异，层层叠叠。3只蝴蝶在树林间飞舞，翅膀展开，金色轮廓和花纹细腻对称，分布在不同位置增加动感。黑色底板为主，刮出的金色线条形成强烈对比：金色树干树枝、金色银杏叶密集、金色落叶铺地、金色蝴蝶飞舞，整体呈现金色森林在黑色背景上闪耀。线条流畅有粗细变化，手工刻画质感明显。构图纵深感强，前中后景层次分明，树木从近到远，营造树林空间感。金色光泽华丽，黑金对比强烈，装饰性浓厚，秋日银杏林唯美梦幻氛围。,qwen,,,completed,536e4765-1f24-4e26-8ab4-d5b3aa2f8c31,3,黑色的背景，画中有五棵银杏树，从近到远分布。树干的金色和黑色，地上是落叶，还有几只飞舞的蝴蝶，蝴蝶的颜色和银杏叶一致中间是镂空的黑色，图片的风格比较抽象，不是真实的场景。,129,revisions/rev_d17425bb-dad2-40a1-b20d-e13ae1cba2bb_3.jpg,revision,qwen,69.0,0.8723,0.6633,0.0589,,0.7996488307761856,False,False,2025-11-21T09:53:10,,,,,,,
2dc4be22-e04d-4f56-bd04-d01dd1e58335,test005,active,2025-11-20T07:38:08.444282,,d17425bb-dad2-40a1-b20d-e13ae1cba2bb,3,22,tgt_0022.jpg,7d8e257bcd2ff9eae2c2dd767304786ec2c06eff2ca85cf0048813daa5e92bfb,刮画艺术风格。黑色涂层底板，刮出金色底层。银杏树林为主体，5棵银杏树错落排列，前景树粗壮高大清晰，后景树渐小渐虚。树干用粗刮刀刮出金色竖向线条，树皮纹理用细密刮痕，分枝向上延伸交错。树冠茂密，大量扇形银杏叶用金色刮出，叶片轮廓和放射状叶脉清晰，叶片密集挂在枝头形成树冠，部分叶片飘落空中和地面。地面铺满金色落叶，用刮刀刮出散落的扇形叶片，大小不一，方向各异，层层叠叠。3只蝴蝶在树林间飞舞，翅膀展开，金色轮廓和花纹细腻对称，分布在不同位置增加动感。黑色底板为主，刮出的金色线条形成强烈对比：金色树干树枝、金色银杏叶密集、金色落叶铺地、金色蝴蝶飞舞，整体呈现金色森林在黑色背景上闪耀。线条流畅有粗细变化，手工刻画质感明显。构图纵深感强，前中后景层次分明，树木从近到远，营造树林空间感。金色光泽华丽，黑金对比强烈，装饰性浓厚，秋日银杏林唯美梦幻氛围。,qwen,,,completed,d654ceda-8a46-4a33-ac01-3598f6489657,4,黑色的背景，画中有五棵银杏树，从近到远分布。树干的金色和黑色，地上是落叶。树之间有3只飞舞的蝴蝶，蝴蝶的颜色是金色黑色相间。 图片的风格比较抽象，不是真实的场景。,38,revisions/rev_d17425bb-dad2-40a1-b20d-e13ae1cba2bb_4.jpg,revision,qwen,75.0,0.9079,0.6737,0.0678,,0.8395224528782822,False,False,2025-11-21T09:55:07,,,,,,,
2dc4be22-e04d-4f56-bd04-d01dd1e58335,test005,active,2025-11-20T07:38:08.444282,,d17425bb-dad2-40a1-b20d-e13ae1cba2bb,3,22,tgt_0022.jpg,7d8e257bcd2ff9eae2c2dd767304786ec2c06eff2ca85cf0048813daa5e92bfb,刮画艺术风格。黑色涂层底板，刮出金色底层。银杏树林为主体，5棵银杏树错落排列，前景树粗壮高大清晰，后景树渐小渐虚。树干用粗刮刀刮出金色竖向线条，树皮纹理用细密刮痕，分枝向上延伸交错。树冠茂密，大量扇形银杏叶用金色刮出，叶片轮廓和放射状叶脉清晰，叶片密集挂在枝头形成树冠，部分叶片飘落空中和地面。地面铺满金色落叶，用刮刀刮出散落的扇形叶片，大小不一，方向各异，层层叠叠。3只蝴蝶在树林间飞舞，翅膀展开，金色轮廓和花纹细腻对称，分布在不同位置增加动感。黑色底板为主，刮出的金色线条形成强烈对比：金色树干树枝、金色银杏叶密集、金色落叶铺地、金色蝴蝶飞舞，整体呈现金色森林在黑色背景上闪耀。线条流畅有粗细变化，手工刻画质感明显。构图纵深感强，前中后景层次分明，树木从近到远，营造树林空间感。金色光泽华丽，黑金对比强烈，装饰性浓厚，秋日银杏林唯美梦幻氛围。,qwen,,,completed,417ce6dc-92ac-4207-a795-4601e14bef9c,5,黑色的背景，画中有五棵银杏树，从近到远分布。树干的金色和黑色，地上和空中有落叶。树之间有3只飞舞的蝴蝶，蝴蝶的颜色是金色黑色相间。 图片的风格比较抽象，不是真实的场景。,14,revisions/rev_d17425bb-dad2-40a1-b20d-e13ae1cba2bb_5.jpg,revision,qwen,85.0,0.9149,0.6642,0.0606,,0.8430777798248329,True,True,2025-11-21T09:55:57,,,,,,,
2dc4be22-e04d-4f56-bd04-d01dd1e58335,test005,active,2025-11-20T07:38:08.444282,,d0be765a-ed21-4383-97c9-a3901c20bdf8,4,12,tgt_0012.jpg,7af0543cfa2fd77c8598c9d8132ef7bfba06b3fe2af6bc8b43931a6fc5461f16,写实风格，自然摄影。黑色蜘蛛在树枝上织网，斜侧面视角。蛛网占画面40-60%，清晰放射状圆网结构。黑色蜘蛛：黑褐色，头胸部椭圆形，腹部圆润膨大，光滑甲壳有微弱光泽，或覆盖细密绒毛。八条腿细长，7个节段清晰，黑色，关节处略浅，末端爪钩抓握丝线。8只黑色眼睛。螯肢和须肢清晰可见。姿态：中心位置展开等待。蛛网：半透明银白色丝线，密集螺旋线围绕，极细但清晰可见，光滑反光。螺旋线上规律分布透明粘液滴，反光明显。网完整规整或部分完成。树枝：木质枝干，深褐或灰褐色，Y形分叉，树皮纹理清晰，裂纹苔藓，表面粗糙。蛛丝固定锚点，丝线束缠绕树枝加固。背景自然虚化：绿色树叶色块，其他枝条虚化，天空光斑，森林环境暗示。自然光照明：侧光立体感，丝线明亮。清晨光线，柔和金色。背景圆形光斑。色彩：蜘蛛纯黑或深黑褐，蛛网半透明白银白，树枝深褐灰褐，背景深绿黄绿。自然饱和度，准确白平衡。焦点在蜘蛛，清晰细节，背景渐进虚化。高清晰度，微观纹理真实，绒毛清晰，丝线细腻，树皮粗糙。自然宁静氛围，微观世界，纪录片式真实感。,qwen,,,completed,9574acf1-7e61-4225-ba91-eace4ba42066,1,一直大蜘蛛趴在枝桠上的蜘蛛网上，头朝下，蜘蛛网上有露水,48,generations/gen_tgt_0012.jpg,initial,qwen,75.0,0.8703,0.2697,0.113,,0.7111788947620843,False,False,2025-11-20T07:49:23,36d3f64c-7ca6-41ea-9f27-f920241e1ed4,6.0,5.0,5.0,6.0,蜘蛛颜色不一致，枝桠形状不一致，背景缺失,2025-11-20T08:08:50.368750
2dc4be22-e04d-4f56-bd04-d01dd1e58335,test005,active,2025-11-20T07:38:08.444282,,d0be765a-ed21-4383-97c9-a3901c20bdf8,4,12,tgt_0012.jpg,7af0543cfa2fd77c8598c9d8132ef7bfba06b3fe2af6bc8b43931a6fc5461f16,写实风格，自然摄影。黑色蜘蛛在树枝上织网，斜侧面视角。蛛网占画面40-60%，清晰放射状圆网结构。黑色蜘蛛：黑褐色，头胸部椭圆形，腹部圆润膨大，光滑甲壳有微弱光泽，或覆盖细密绒毛。八条腿细长，7个节段清晰，黑色，关节处略浅，末端爪钩抓握丝线。8只黑色眼睛。螯肢和须肢清晰可见。姿态：中心位置展开等待。蛛网：半透明银白色丝线，密集螺旋线围绕，极细但清晰可见，光滑反光。螺旋线上规律分布透明粘液滴，反光明显。网完整规整或部分完成。树枝：木质枝干，深褐或灰褐色，Y形分叉，树皮纹理清晰，裂纹苔藓，表面粗糙。蛛丝固定锚点，丝线束缠绕树枝加固。背景自然虚化：绿色树叶色块，其他枝条虚化，天空光斑，森林环境暗示。自然光照明：侧光立体感，丝线明亮。清晨光线，柔和金色。背景圆形光斑。色彩：蜘蛛纯黑或深黑褐，蛛网半透明白银白，树枝深褐灰褐，背景深绿黄绿。自然饱和度，准确白平衡。焦点在蜘蛛，清晰细节，背景渐进虚化。高清晰度，微观纹理真实，绒毛清晰，丝线细腻，树皮粗糙。自然宁静氛围，微观世界，纪录片式真实感。,qwen,,,completed,37e46dee-e526-48c4-a42e-68e834b88ae6,2,一只黑色大蜘蛛趴在“丫”字形枝桠上的蜘蛛网上，头朝下，蜘蛛网上有露水，背景还有模糊的枝叶,38,revisions/rev_d0be765a-ed21-4383-97c9-a3901c20bdf8_2.jpg,revision,qwen,60.0,0.7938,0.3093,0.1327,,0.6469608919860051,False,False,2025-11-20T08:09:39,,,,,,,
2dc4be22-e04d-4f56-bd04-d01dd1e58335,test005,active,2025-11-20T07:38:08.444282,,d0be765a-ed21-4383-97c9-a3901c20bdf8,4,12,tgt_0012.jpg,7af0543cfa2fd77c8598c9d8132ef7bfba06b3fe2af6bc8b43931a6fc5461f16,写实风格，自然摄影。黑色蜘蛛在树枝上织网，斜侧面视角。蛛网占画面40-60%，清晰放射状圆网结构。黑色蜘蛛：黑褐色，头胸部椭圆形，腹部圆润膨大，光滑甲壳有微弱光泽，或覆盖细密绒毛。八条腿细长，7个节段清晰，黑色，关节处略浅，末端爪钩抓握丝线。8只黑色眼睛。螯肢和须肢清晰可见。姿态：中心位置展开等待。蛛网：半透明银白色丝线，密集螺旋线围绕，极细但清晰可见，光滑反光。螺旋线上规律分布透明粘液滴，反光明显。网完整规整或部分完成。树枝：木质枝干，深褐或灰褐色，Y形分叉，树皮纹理清晰，裂纹苔藓，表面粗糙。蛛丝固定锚点，丝线束缠绕树枝加固。背景自然虚化：绿色树叶色块，其他枝条虚化，天空光斑，森林环境暗示。自然光照明：侧光立体感，丝线明亮。清晨光线，柔和金色。背景圆形光斑。色彩：蜘蛛纯黑或深黑褐，蛛网半透明白银白，树枝深褐灰褐，背景深绿黄绿。自然饱和度，准确白平衡。焦点在蜘蛛，清晰细节，背景渐进虚化。高清晰度，微观纹理真实，绒毛清晰，丝线细腻，树皮粗糙。自然宁静氛围，微观世界，纪录片式真实感。,qwen,,,completed,f9dd9649-92d6-47d4-bc99-755f0a82393b,3,一只黑色大蜘蛛趴在“丫”字形暗色枝桠上的圆形蜘蛛网上，头朝下，蜘蛛网上有露水，背景还有模糊的枝叶,24,revisions/rev_d0be765a-ed21-4383-97c9-a3901c20bdf8_3.jpg,revision,qwen,65.0,0.8643,0.1935,0.0698,,0.6794853109593358,False,False,2025-11-21T09:35:52,,,,,,,
2dc4be22-e04d-4f56-bd04-d01dd1e58335,test005,active,2025-11-20T07:38:08.444282,,d0be765a-ed21-4383-97c9-a3901c20bdf8,4,12,tgt_0012.jpg,7af0543cfa2fd77c8598c9d8132ef7bfba06b3fe2af6bc8b43931a6fc5461f16,写实风格，自然摄影。黑色蜘蛛在树枝上织网，斜侧面视角。蛛网占画面40-60%，清晰放射状圆网结构。黑色蜘蛛：黑褐色，头胸部椭圆形，腹部圆润膨大，光滑甲壳有微弱光泽，或覆盖细密绒毛。八条腿细长，7个节段清晰，黑色，关节处略浅，末端爪钩抓握丝线。8只黑色眼睛。螯肢和须肢清晰可见。姿态：中心位置展开等待。蛛网：半透明银白色丝线，密集螺旋线围绕，极细但清晰可见，光滑反光。螺旋线上规律分布透明粘液滴，反光明显。网完整规整或部分完成。树枝：木质枝干，深褐或灰褐色，Y形分叉，树皮纹理清晰，裂纹苔藓，表面粗糙。蛛丝固定锚点，丝线束缠绕树枝加固。背景自然虚化：绿色树叶色块，其他枝条虚化，天空光斑，森林环境暗示。自然光照明：侧光立体感，丝线明亮。清晨光线，柔和金色。背景圆形光斑。色彩：蜘蛛纯黑或深黑褐，蛛网半透明白银白，树枝深褐灰褐，背景深绿黄绿。自然饱和度，准确白平衡。焦点在蜘蛛，清晰细节，背景渐进虚化。高清晰度，微观纹理真实，绒毛清晰，丝线细腻，树皮粗糙。自然宁静氛围，微观世界，纪录片式真实感。,qwen,,,completed,9f16eaed-628c-443a-8b4b-a77bfc18c62a,4,一只黑色大蜘蛛趴在“丫”字形暗色枝桠上的圆形蜘蛛网上，头朝下，蜘蛛网上有露水，背景还有模糊的树叶,18,revisions/rev_d0be765a-ed21-4383-97c9-a3901c20bdf8_4.jpg,revision,qwen,60.0,0.8386,0.1423,0.0434,,0.636790325725341,False,False,2025-11-21T09:36:37,,,,,,,
2dc4be22-e04d-4f56-bd04-d01dd1e58335,test005,active,2025-11-20T07:38:08.444282,,d0be765a-ed21-4383-97c9-a3901c20bdf8,4,12,tgt_0012.jpg,7af0543cfa2fd77c8598c9d8132ef7bfba06b3fe2af6bc8b43931a6fc5461f16,写实风格，自然摄影。黑色蜘蛛在树枝上织网，斜侧面视角。蛛网占画面40-60%，清晰放射状圆网结构。黑色蜘蛛：黑褐色，头胸部椭圆形，腹部圆润膨大，光滑甲壳有微弱光泽，或覆盖细密绒毛。八条腿细长，7个节段清晰，黑色，关节处略浅，末端爪钩抓握丝线。8只黑色眼睛。螯肢和须肢清晰可见。姿态：中心位置展开等待。蛛网：半透明银白色丝线，密集螺旋线围绕，极细但清晰可见，光滑反光。螺旋线上规律分布透明粘液滴，反光明显。网完整规整或部分完成。树枝：木质枝干，深褐或灰褐色，Y形分叉，树皮纹理清晰，裂纹苔藓，表面粗糙。蛛丝固定锚点，丝线束缠绕树枝加固。背景自然虚化：绿色树叶色块，其他枝条虚化，天空光斑，森林环境暗示。自然光照明：侧光立体感，丝线明亮。清晨光线，柔和金色。背景圆形光斑。色彩：蜘蛛纯黑或深黑褐，蛛网半透明白银白，树枝深褐灰褐，背景深绿黄绿。自然饱和度，准确白平衡。焦点在蜘蛛，清晰细节，背景渐进虚化。高清晰度，微观纹理真实，绒毛清晰，丝线细腻，树皮粗糙。自然宁静氛围，微观世界，纪录片式真实感。,qwen,,,completed,e7971741-4ad3-4207-aba3-a517a6d5e6f9,5,一只黑色大蜘蛛趴在圆形蜘蛛网上，头朝下，蜘蛛网上有露水，蛛网位于暗色的“丫”字形树丫的中间，背景左上方和右下方有模糊的枝叶,80,revisions/rev_d0be765a-ed21-4383-97c9-a3901c20bdf8_5.jpg,revision,qwen,75.0,0.9415,0.232,0.0934,,0.7705333132401873,False,False,2025-11-21T09:38:19,,,,,,,
2dc4be22-e04d-4f56-bd04-d01dd1e58335,test005,active,2025-11-20T07:38:08.444282,,d0be765a-ed21-4383-97c9-a3901c20bdf8,4,12,tgt_0012.jpg,7af0543cfa2fd77c8598c9d8132ef7bfba06b3fe2af6bc8b43931a6fc5461f16,写实风格，自然摄影。黑色蜘蛛在树枝上织网，斜侧面视角。蛛网占画面40-60%，清晰放射状圆网结构。黑色蜘蛛：黑褐色，头胸部椭圆形，腹部圆润膨大，光滑甲壳有微弱光泽，或覆盖细密绒毛。八条腿细长，7个节段清晰，黑色，关节处略浅，末端爪钩抓握丝线。8只黑色眼睛。螯肢和须肢清晰可见。姿态：中心位置展开等待。蛛网：半透明银白色丝线，密集螺旋线围绕，极细但清晰可见，光滑反光。螺旋线上规律分布透明粘液滴，反光明显。网完整规整或部分完成。树枝：木质枝干，深褐或灰褐色，Y形分叉，树皮纹理清晰，裂纹苔藓，表面粗糙。蛛丝固定锚点，丝线束缠绕树枝加固。背景自然虚化：绿色树叶色块，其他枝条虚化，天空光斑，森林环境暗示。自然光照明：侧光立体感，丝线明亮。清晨光线，柔和金色。背景圆形光斑。色彩：蜘蛛纯黑或深黑褐，蛛网半透明白银白，树枝深褐灰褐，背景深绿黄绿。自然饱和度，准确白平衡。焦点在蜘蛛，清晰细节，背景渐进虚化。高清晰度，微观纹理真实，绒毛清晰，丝线细腻，树皮粗糙。自然宁静氛围，微观世界，纪录片式真实感。,qwen,,,completed,cd736fb5-cd16-4de8-9e5b-97f10301647b,6,一只黑色大蜘蛛（占据画面约50%面积）趴在圆形蜘蛛网上，头朝下，蜘蛛网上有露水，蛛网位于暗色的“丫”字形树丫的中间，背景左上方和右下方有模糊的枝叶,24,revisions/rev_d0be765a-ed21-4383-97c9-a3901c20bdf8_6.jpg,revision,qwen,75.0,0.9408,0.2104,0.105,,0.7665162395178936,False,False,2025-11-21T09:39:17,,,,,,,
2dc4be22-e04d-4f56-bd04-d01dd1e58335,test005,active,2025-11-20T07:38:08.444282,,d0be765a-ed21-4383-97c9-a3901c20bdf8,4,12,tgt_0012.jpg,7af0543cfa2fd77c8598c9d8132ef7bfba06b3fe2af6bc8b43931a6fc5461f16,写实风格，自然摄影。黑色蜘蛛在树枝上织网，斜侧面视角。蛛网占画面40-60%，清晰放射状圆网结构。黑色蜘蛛：黑褐色，头胸部椭圆形，腹部圆润膨大，光滑甲壳有微弱光泽，或覆盖细密绒毛。八条腿细长，7个节段清晰，黑色，关节处略浅，末端爪钩抓握丝线。8只黑色眼睛。螯肢和须肢清晰可见。姿态：中心位置展开等待。蛛网：半透明银白色丝线，密集螺旋线围绕，极细但清晰可见，光滑反光。螺旋线上规律分布透明粘液滴，反光明显。网完整规整或部分完成。树枝：木质枝干，深褐或灰褐色，Y形分叉，树皮纹理清晰，裂纹苔藓，表面粗糙。蛛丝固定锚点，丝线束缠绕树枝加固。背景自然虚化：绿色树叶色块，其他枝条虚化，天空光斑，森林环境暗示。自然光照明：侧光立体感，丝线明亮。清晨光线，柔和金色。背景圆形光斑。色彩：蜘蛛纯黑或深黑褐，蛛网半透明白银白，树枝深褐灰褐，背景深绿黄绿。自然饱和度，准确白平衡。焦点在蜘蛛，清晰细节，背景渐进虚化。高清晰度，微观纹理真实，绒毛清晰，丝线细腻，树皮粗糙。自然宁静氛围，微观世界，纪录片式真实感。,qwen,,,completed,5fa08979-b5bf-412b-a218-c5c54391cb94,7,一只黑色大蜘蛛、腿部有黄色条纹（占据画面约60%面积）趴在圆形蜘蛛网上，头朝下，蜘蛛网上有露水，蛛网位于暗色的“丫”字形树丫的中间，背景左上方和右下方有模糊的枝叶，画风偏写实，背景偏亮,47,revisions/rev_d0be765a-ed21-4383-97c9-a3901c20bdf8_7.jpg,revision,qwen,85.0,0.9191,0.2346,0.1809,,0.7631161589698325,False,False,2025-11-21T09:40:20,,,,,,,
2dc4be22-e04d-4f56-bd04-d01dd1e58335,test005,active,2025-11-20T07:38:08.444282,,d0be765a-ed21-4383-97c9-a3901c20bdf8,4,12,tgt_0012.jpg,7af0543cfa2fd77c8598c9d8132ef7bfba06b3fe2af6bc8b43931a6fc5461f16,写实风格，自然摄影。黑色蜘蛛在树枝上织网，斜侧面视角。蛛网占画面40-60%，清晰放射状圆网结构。黑色蜘蛛：黑褐色，头胸部椭圆形，腹部圆润膨大，光滑甲壳有微弱光泽，或覆盖细密绒毛。八条腿细长，7个节段清晰，黑色，关节处略浅，末端爪钩抓握丝线。8只黑色眼睛。螯肢和须肢清晰可见。姿态：中心位置展开等待。蛛网：半透明银白色丝线，密集螺旋线围绕，极细但清晰可见，光滑反光。螺旋线上规律分布透明粘液滴，反光明显。网完整规整或部分完成。树枝：木质枝干，深褐或灰褐色，Y形分叉，树皮纹理清晰，裂纹苔藓，表面粗糙。蛛丝固定锚点，丝线束缠绕树枝加固。背景自然虚化：绿色树叶色块，其他枝条虚化，天空光斑，森林环境暗示。自然光照明：侧光立体感，丝线明亮。清晨光线，柔和金色。背景圆形光斑。色彩：蜘蛛纯黑或深黑褐，蛛网半透明白银白，树枝深褐灰褐，背景深绿黄绿。自然饱和度，准确白平衡。焦点在蜘蛛，清晰细节，背景渐进虚化。高清晰度，微观纹理真实，绒毛清晰，丝线细腻，树皮粗糙。自然宁静氛围，微观世界，纪录片式真实感。,qwen,,,completed,845f9353-1c8d-4d1a-9094-5a5627d071a8,8,一只黑色大蜘蛛、腿部有黄色条纹（占据画面约60%面积）趴在圆形蜘蛛网上，头朝下，蜘蛛网上有露水，蛛网位于暗色的“丫”字形树丫的中间，背景左上方和右下方有模糊的枝叶，画风偏写实，背景有暖色,22,revisions/rev_d0be765a-ed21-4383-97c9-a3901c20bdf8_8.jpg,revision,qwen,90.0,0.9302,0.3757,0.1579,,0.8046958832273836,False,False,2025-11-21T09:41:24,,,,,,,
2dc4be22-e04d-4f56-bd04-d01dd1e58335,test005,active,2025-11-20T07:38:08.444282,,f183a8a8-2f3c-4d67-ab71-8f6d00acc5ca,5,10,tgt_0010.jpg,a8d57591678a138774e7a4321951e89ddcb404aabd847e423cfed6d358568ab2,梦核美学风格。小学操场运动会场景，童年记忆扭曲，超现实熟悉感。操场边缘或半高角度视角。前景红色褪色塑胶跑道，白色分道线，可能模糊扭曲。中景运动会进行中：学生在跑道奔跑，穿统一校服或运动服，面部模糊或无五官细节，姿态略显僵硬或机械。操场边主席台有彩旗气球装饰，横幅标语文字模糊难辨。老师裁判站场边，持发令枪或喇叭。周围树木投射阴影，可能角度不自然。远景教学楼，窗户全黑或反光，透视可能扭曲。天空不自然色调：过饱和蓝色、褪色灰白、或诡异粉紫渐变，云层静止形状诡异。光线顶光或侧光不合理，阴影过长过短或方向不一致。色彩：过饱和鲜艳童年感或褪色记忆低饱和。人物数量过多密集或过少，分布诡异。时间空间异常，运动瞬间被冻结，跑道可能无限延伸。梦境柔焦或颗粒感，RGB色差，晕影暗角。怀旧不安，集体中孤独。,qwen,,,completed,659808b8-2ade-41aa-876e-a50030e3e36d,1,学校操场上，有一个环形跑道中间是足球草地。右侧的跑道有小学生向前奔跑跑出了残影，跑道右边是一个拿着喇叭的人，足球场上站着一个学生方阵，跑到左边是一个讲台，两侧有气球，讲台后面站着一些人。,176,generations/gen_tgt_0010.jpg,initial,qwen,1.0,0.855,0.2259,0.0956,,0.6822523905846438,False,False,2025-11-20T07:52:21,e81e4efc-ed15-46d2-81bf-a749b7ee58a8,5.0,5.0,4.0,4.0,人物朝向不正确，拿着喇叭的人和奔跑的人搞混了,2025-11-20T08:13:54.879902
2dc4be22-e04d-4f56-bd04-d01dd1e58335,test005,active,2025-11-20T07:38:08.444282,,f183a8a8-2f3c-4d67-ab71-8f6d00acc5ca,5,10,tgt_0010.jpg,a8d57591678a138774e7a4321951e89ddcb404aabd847e423cfed6d358568ab2,梦核美学风格。小学操场运动会场景，童年记忆扭曲，超现实熟悉感。操场边缘或半高角度视角。前景红色褪色塑胶跑道，白色分道线，可能模糊扭曲。中景运动会进行中：学生在跑道奔跑，穿统一校服或运动服，面部模糊或无五官细节，姿态略显僵硬或机械。操场边主席台有彩旗气球装饰，横幅标语文字模糊难辨。老师裁判站场边，持发令枪或喇叭。周围树木投射阴影，可能角度不自然。远景教学楼，窗户全黑或反光，透视可能扭曲。天空不自然色调：过饱和蓝色、褪色灰白、或诡异粉紫渐变，云层静止形状诡异。光线顶光或侧光不合理，阴影过长过短或方向不一致。色彩：过饱和鲜艳童年感或褪色记忆低饱和。人物数量过多密集或过少，分布诡异。时间空间异常，运动瞬间被冻结，跑道可能无限延伸。梦境柔焦或颗粒感，RGB色差，晕影暗角。怀旧不安，集体中孤独。,qwen,,,completed,e4704137-6d7d-42c5-8baf-39c40810ef30,2,学校操场上，有一个环形跑道中间是足球草地。 右侧的跑道有小学生向前奔跑跑出了残影，跑道右边是一个拿着喇叭的人，足球场上站着一个学生方阵。 左侧跑道左边是一个礼堂，两侧有气球，讲台后面站着一些人。,33,revisions/rev_f183a8a8-2f3c-4d67-ab71-8f6d00acc5ca_2.jpg,revision,qwen,50.0,0.8905,0.2355,0.1162,,0.723773490956918,False,False,2025-11-21T10:07:01,963c0f34-cc0b-4611-a866-8f5d23235feb,5.0,5.0,4.0,4.0,人物朝向不正确，拿着喇叭的人和奔跑的人搞混了,2025-11-21T10:07:03.756434
2dc4be22-e04d-4f56-bd04-d01dd1e58335,test005,active,2025-11-20T07:38:08.444282,,f183a8a8-2f3c-4d67-ab71-8f6d00acc5ca,5,10,tgt_0010.jpg,a8d57591678a138774e7a4321951e89ddcb404aabd847e423cfed6d358568ab2,梦核美学风格。小学操场运动会场景，童年记忆扭曲，超现实熟悉感。操场边缘或半高角度视角。前景红色褪色塑胶跑道，白色分道线，可能模糊扭曲。中景运动会进行中：学生在跑道奔跑，穿统一校服或运动服，面部模糊或无五官细节，姿态略显僵硬或机械。操场边主席台有彩旗气球装饰，横幅标语文字模糊难辨。老师裁判站场边，持发令枪或喇叭。周围树木投射阴影，可能角度不自然。远景教学楼，窗户全黑或反光，透视可能扭曲。天空不自然色调：过饱和蓝色、褪色灰白、或诡异粉紫渐变，云层静止形状诡异。光线顶光或侧光不合理，阴影过长过短或方向不一致。色彩：过饱和鲜艳童年感或褪色记忆低饱和。人物数量过多密集或过少，分布诡异。时间空间异常，运动瞬间被冻结，跑道可能无限延伸。梦境柔焦或颗粒感，RGB色差，晕影暗角。怀旧不安，集体中孤独。,qwen,,,completed,2ec59f77-3fc2-4421-bc76-d7d7b34724c7,3,学校操场上，有一个环形跑道中间是足球草地。 右侧的跑道有小学生向画面内侧奔跑跑出了残影，他们所在的跑道右边站着一个拿着喇叭的人，足球场上站着一个学生方阵，面朝右方。 左侧跑道左边是一个礼堂，两侧有气球，讲台后面站着一些人。 天空是蓝色向紫色渐变，左侧有白云。,107,revisions/rev_f183a8a8-2f3c-4d67-ab71-8f6d00acc5ca_3.jpg,revision,qwen,65.0,0.8784,0.2288,0.24,,0.7305066935512872,False,False,2025-11-21T10:09:17,fa61c094-3c08-47e8-aa64-71b3c915211d,5.0,5.0,4.0,4.0,人物朝向不正确，拿着喇叭的人和奔跑的人搞混了,2025-11-21T10:09:19.366150
2dc4be22-e04d-4f56-bd04-d01dd1e58335,test005,active,2025-11-20T07:38:08.444282,,f183a8a8-2f3c-4d67-ab71-8f6d00acc5ca,5,10,tgt_0010.jpg,a8d57591678a138774e7a4321951e89ddcb404aabd847e423cfed6d358568ab2,梦核美学风格。小学操场运动会场景，童年记忆扭曲，超现实熟悉感。操场边缘或半高角度视角。前景红色褪色塑胶跑道，白色分道线，可能模糊扭曲。中景运动会进行中：学生在跑道奔跑，穿统一校服或运动服，面部模糊或无五官细节，姿态略显僵硬或机械。操场边主席台有彩旗气球装饰，横幅标语文字模糊难辨。老师裁判站场边，持发令枪或喇叭。周围树木投射阴影，可能角度不自然。远景教学楼，窗户全黑或反光，透视可能扭曲。天空不自然色调：过饱和蓝色、褪色灰白、或诡异粉紫渐变，云层静止形状诡异。光线顶光或侧光不合理，阴影过长过短或方向不一致。色彩：过饱和鲜艳童年感或褪色记忆低饱和。人物数量过多密集或过少，分布诡异。时间空间异常，运动瞬间被冻结，跑道可能无限延伸。梦境柔焦或颗粒感，RGB色差，晕影暗角。怀旧不安，集体中孤独。,qwen,,,completed,061b9867-967e-407b-bea7-7dc69b77bce6,4,学校操场上，有一个环形跑道中间是足球草地。 右侧的跑道有小学生向画面内侧奔跑跑出了残影，他们所在的跑道右边站着一个拿着喇叭的人，足球场上站着一个学生方阵，面朝右方。 左侧跑道左边是一个礼堂，两侧有气球，讲台后面站着一些人。 天空是蓝色向紫色渐变，左侧有白云。 画风偏写实。,13,revisions/rev_f183a8a8-2f3c-4d67-ab71-8f6d00acc5ca_4.jpg,revision,qwen,70.0,0.9079,0.2389,0.2399,,0.7626665150391011,False,False,2025-11-21T10:09:55,cf856f0b-fe72-4946-ad42-20311b0192a9,5.0,5.0,4.0,4.0,人物朝向不正确，拿着喇叭的人和奔跑的人搞混了,2025-11-21T10:09:57.805349
2dc4be22-e04d-4f56-bd04-d01dd1e58335,test005,active,2025-11-20T07:38:08.444282,,f183a8a8-2f3c-4d67-ab71-8f6d00acc5ca,5,10,tgt_0010.jpg,a8d57591678a138774e7a4321951e89ddcb404aabd847e423cfed6d358568ab2,梦核美学风格。小学操场运动会场景，童年记忆扭曲，超现实熟悉感。操场边缘或半高角度视角。前景红色褪色塑胶跑道，白色分道线，可能模糊扭曲。中景运动会进行中：学生在跑道奔跑，穿统一校服或运动服，面部模糊或无五官细节，姿态略显僵硬或机械。操场边主席台有彩旗气球装饰，横幅标语文字模糊难辨。老师裁判站场边，持发令枪或喇叭。周围树木投射阴影，可能角度不自然。远景教学楼，窗户全黑或反光，透视可能扭曲。天空不自然色调：过饱和蓝色、褪色灰白、或诡异粉紫渐变，云层静止形状诡异。光线顶光或侧光不合理，阴影过长过短或方向不一致。色彩：过饱和鲜艳童年感或褪色记忆低饱和。人物数量过多密集或过少，分布诡异。时间空间异常，运动瞬间被冻结，跑道可能无限延伸。梦境柔焦或颗粒感，RGB色差，晕影暗角。怀旧不安，集体中孤独。,qwen,,,completed,a336b6c6-92ad-42d6-a94a-4404410379de,5,学校操场上，有一个环形跑道中间是足球草地。 右侧的跑道有小学生向画面内侧奔跑跑出了残影，他们所在的跑道右边站着一个拿着喇叭的人。 足球场上站着一个学生方阵。 左侧跑道左边是一个礼堂，两侧有气球，讲台后面站着一些人。 天空是蓝色向紫色渐变，左侧有白云。 画风偏现实。,39,revisions/rev_f183a8a8-2f3c-4d67-ab71-8f6d00acc5ca_5.jpg,revision,qwen,75.0,0.9141,0.2491,0.2293,,0.7696278760761711,False,False,2025-11-21T10:10:50,9f58790d-bf9d-43d1-9b44-4790114c6e0c,5.0,5.0,4.0,4.0,人物朝向不正确，拿着喇叭的人和奔跑的人搞混了,2025-11-21T10:10:52.149742
2dc4be22-e04d-4f56-bd04-d01dd1e58335,test005,active,2025-11-20T07:38:08.444282,,f183a8a8-2f3c-4d67-ab71-8f6d00acc5ca,5,10,tgt_0010.jpg,a8d57591678a138774e7a4321951e89ddcb404aabd847e423cfed6d358568ab2,梦核美学风格。小学操场运动会场景，童年记忆扭曲，超现实熟悉感。操场边缘或半高角度视角。前景红色褪色塑胶跑道，白色分道线，可能模糊扭曲。中景运动会进行中：学生在跑道奔跑，穿统一校服或运动服，面部模糊或无五官细节，姿态略显僵硬或机械。操场边主席台有彩旗气球装饰，横幅标语文字模糊难辨。老师裁判站场边，持发令枪或喇叭。周围树木投射阴影，可能角度不自然。远景教学楼，窗户全黑或反光，透视可能扭曲。天空不自然色调：过饱和蓝色、褪色灰白、或诡异粉紫渐变，云层静止形状诡异。光线顶光或侧光不合理，阴影过长过短或方向不一致。色彩：过饱和鲜艳童年感或褪色记忆低饱和。人物数量过多密集或过少，分布诡异。时间空间异常，运动瞬间被冻结，跑道可能无限延伸。梦境柔焦或颗粒感，RGB色差，晕影暗角。怀旧不安，集体中孤独。,qwen,,,completed,2b0c64d4-7797-4c6e-aeaf-a6f741e45b4c,6,学校操场上，有一个环形跑道中间是足球草地。 右侧的跑道有小学生向画面内侧奔跑跑出了残影，他们所在的跑道右边站着一个拿着喇叭的人。 足球场上站着一个学生方阵。 左侧跑道左边是一个礼堂，两侧有气球，讲台后面站着一些人。 天空是蓝色向紫色渐变，左侧有白云。 图片的风格偏写实。,24,revisions/rev_f183a8a8-2f3c-4d67-ab71-8f6d00acc5ca_6.jpg,revision,qwen,81.0,0.9169,0.283,0.2345,,0.7815323290555733,True,True,2025-11-21T10:11:57,d3dfa587-5e40-440e-ad47-55f75f935e0f,5.0,5.0,4.0,4.0,人物朝向不正确，拿着喇叭的人和奔跑的人搞混了,2025-11-21T10:11:59.076218
2dc4be22-e04d-4f56-bd04-d01dd1e58335,test005,active,2025-11-20T07:38:08.444282,,f40580f1-a9b8-4336-bb7a-074a267fb8c3,6,29,tgt_0029.jpg,7be652179bd9ae0624b507a099c592e3ab28dc0805ae5a02f8ebaae0bd211c48,真实照片风格，史诗魔法对战场景。邪术师站在画面右方，法师团3人站在左侧，从魔法书中释放白色蓝色光明魔法射向邪术师。邪术师：穿黑色长袍斗篷破烂边缘，兜帽遮脸露出狼人面容，发光红色邪恶眼睛，手持黑色骷髅法杖，法杖射出红色魔法。魔法在中心交融。法师团男女混合，穿白色法师长袍，金色银色装饰边，都是战斗姿态。战场环境：荒废古代遗迹，碎石废墟，地面龟裂发光，烟雾弥漫。戏剧性照明：邪术师周围暗黑氛围紫红光，法师团周围明亮白蓝光，强烈明暗对比。双方对峙紧张激烈。史诗奇幻战斗，光影特效华丽，电影级真实质感。,qwen,,,completed,e1078eb9-bc22-45c1-adf8-04e7f131c027,1,画面右侧是一个狼头男巫，手中拿着骷髅头魔杖，左边有穿着白色长袍的一男两女，左边的一男一女拿着圣经，右侧的女人发出白色激光与狼头男巫发出的红色激光对抗，画面的背景是一处废墟，地面有裂纹，透出红色熔岩,141,generations/gen_tgt_0029.jpg,initial,qwen,90.0,0.8919,0.349,0.1804,,0.7633616813622204,False,False,2025-11-20T07:54:45,b7557414-e42b-463a-9a6a-2cc6bed7227b,6.0,7.0,7.0,6.0,人物风格比目标图像更写实，激光形状、方位不太符合逻辑，天空颜色不一致,2025-11-20T08:11:01.197749
2dc4be22-e04d-4f56-bd04-d01dd1e58335,test005,active,2025-11-20T07:38:08.444282,,f40580f1-a9b8-4336-bb7a-074a267fb8c3,6,29,tgt_0029.jpg,7be652179bd9ae0624b507a099c592e3ab28dc0805ae5a02f8ebaae0bd211c48,真实照片风格，史诗魔法对战场景。邪术师站在画面右方，法师团3人站在左侧，从魔法书中释放白色蓝色光明魔法射向邪术师。邪术师：穿黑色长袍斗篷破烂边缘，兜帽遮脸露出狼人面容，发光红色邪恶眼睛，手持黑色骷髅法杖，法杖射出红色魔法。魔法在中心交融。法师团男女混合，穿白色法师长袍，金色银色装饰边，都是战斗姿态。战场环境：荒废古代遗迹，碎石废墟，地面龟裂发光，烟雾弥漫。戏剧性照明：邪术师周围暗黑氛围紫红光，法师团周围明亮白蓝光，强烈明暗对比。双方对峙紧张激烈。史诗奇幻战斗，光影特效华丽，电影级真实质感。,qwen,,,completed,d5623980-a5ad-471f-bf99-312f6661cec1,2,画面右侧是一个狼头男巫，手中拿着骷髅头魔杖，散发着红色火焰，左边有穿着白色长袍的一男两女，左边的一男一女拿着圣经，右侧的女人伸出左手发出白色激光，与狼头男巫手中魔杖发出的红色激光对抗，画面的背景是一处废墟，地面有裂纹，透出红色熔岩，天空是暗紫色,63,revisions/rev_f40580f1-a9b8-4336-bb7a-074a267fb8c3_2.jpg,revision,qwen,75.0,0.8522,0.247,0.1485,,0.6933283685108884,False,False,2025-11-20T08:12:14,,,,,,,
2dc4be22-e04d-4f56-bd04-d01dd1e58335,test005,active,2025-11-20T07:38:08.444282,,f40580f1-a9b8-4336-bb7a-074a267fb8c3,6,29,tgt_0029.jpg,7be652179bd9ae0624b507a099c592e3ab28dc0805ae5a02f8ebaae0bd211c48,真实照片风格，史诗魔法对战场景。邪术师站在画面右方，法师团3人站在左侧，从魔法书中释放白色蓝色光明魔法射向邪术师。邪术师：穿黑色长袍斗篷破烂边缘，兜帽遮脸露出狼人面容，发光红色邪恶眼睛，手持黑色骷髅法杖，法杖射出红色魔法。魔法在中心交融。法师团男女混合，穿白色法师长袍，金色银色装饰边，都是战斗姿态。战场环境：荒废古代遗迹，碎石废墟，地面龟裂发光，烟雾弥漫。戏剧性照明：邪术师周围暗黑氛围紫红光，法师团周围明亮白蓝光，强烈明暗对比。双方对峙紧张激烈。史诗奇幻战斗，光影特效华丽，电影级真实质感。,qwen,,,completed,b046ccd0-3f45-4745-a408-f4cda2b21084,3,画面右侧是一个狼头男巫，身着黑色长袍，眼睛发出红光，左手是骷髅利爪，右手拿着黑色骷髅头魔杖，散发着红色火焰。 左边有穿着白色长袍伴有金色的一男两女，左边的一男一女拿着圣经，右侧的女人伸出左手发出白色闪电，射向男巫的魔杖后反射到画面左侧。 画面的背景是一处废墟，地面有裂纹，透出红色熔岩，天空是暗紫色,190,revisions/rev_f40580f1-a9b8-4336-bb7a-074a267fb8c3_3.jpg,revision,qwen,85.0,0.8557,0.4187,0.1702,,0.7420892789133243,False,False,2025-11-21T09:27:55,,,,,,,
2dc4be22-e04d-4f56-bd04-d01dd1e58335,test005,active,2025-11-20T07:38:08.444282,,f40580f1-a9b8-4336-bb7a-074a267fb8c3,6,29,tgt_0029.jpg,7be652179bd9ae0624b507a099c592e3ab28dc0805ae5a02f8ebaae0bd211c48,真实照片风格，史诗魔法对战场景。邪术师站在画面右方，法师团3人站在左侧，从魔法书中释放白色蓝色光明魔法射向邪术师。邪术师：穿黑色长袍斗篷破烂边缘，兜帽遮脸露出狼人面容，发光红色邪恶眼睛，手持黑色骷髅法杖，法杖射出红色魔法。魔法在中心交融。法师团男女混合，穿白色法师长袍，金色银色装饰边，都是战斗姿态。战场环境：荒废古代遗迹，碎石废墟，地面龟裂发光，烟雾弥漫。戏剧性照明：邪术师周围暗黑氛围紫红光，法师团周围明亮白蓝光，强烈明暗对比。双方对峙紧张激烈。史诗奇幻战斗，光影特效华丽，电影级真实质感。,qwen,,,completed,14739267-87b2-4390-947a-cd9c5c0b34bf,4,画面右侧是一个狼头男巫，身着黑色长袍，眼睛发出红光，左手是骷髅利爪，右手拿着黑色骷髅头魔杖，散发着红色火焰。 左边有穿着白色长袍伴有金色衬边的一男两女，他们的身后有两根柱子，左边的一男一女各自拿着一本圣经，右侧的女人伸出左手发出白色闪电，射向男巫的魔杖后反射到画面左侧。 画面的背景是一处废墟，地面有裂纹，透出红色熔岩，天空是暗紫色,47,revisions/rev_f40580f1-a9b8-4336-bb7a-074a267fb8c3_4.jpg,revision,qwen,60.0,0.8247,0.2201,0.1421,,0.6580315031299017,False,False,2025-11-21T09:29:31,,,,,,,
2dc4be22-e04d-4f56-bd04-d01dd1e58335,test005,active,2025-11-20T07:38:08.444282,,f40580f1-a9b8-4336-bb7a-074a267fb8c3,6,29,tgt_0029.jpg,7be652179bd9ae0624b507a099c592e3ab28dc0805ae5a02f8ebaae0bd211c48,真实照片风格，史诗魔法对战场景。邪术师站在画面右方，法师团3人站在左侧，从魔法书中释放白色蓝色光明魔法射向邪术师。邪术师：穿黑色长袍斗篷破烂边缘，兜帽遮脸露出狼人面容，发光红色邪恶眼睛，手持黑色骷髅法杖，法杖射出红色魔法。魔法在中心交融。法师团男女混合，穿白色法师长袍，金色银色装饰边，都是战斗姿态。战场环境：荒废古代遗迹，碎石废墟，地面龟裂发光，烟雾弥漫。戏剧性照明：邪术师周围暗黑氛围紫红光，法师团周围明亮白蓝光，强烈明暗对比。双方对峙紧张激烈。史诗奇幻战斗，光影特效华丽，电影级真实质感。,qwen,,,completed,11fbdd1b-8969-47f5-bd40-2368b3985452,5,画面右侧是一个形如死神的狼头男巫，身着黑色长袍，眼睛发出红光，左手是骷髅利爪，右手拿着黑色骷髅头魔杖，散发着红色火焰。 左边有穿着白色长袍伴有金色衬边的一男两女，他们的身后有两根柱子，左边的一男一女各自拿着一本圣经，右侧的女人伸出左手发出白色闪电，射向男巫的魔杖后反射到画面左侧。 画面的背景是一处废墟，地面有裂纹，透出红色熔岩，天空是暗紫色，画风偏写实,33,revisions/rev_f40580f1-a9b8-4336-bb7a-074a267fb8c3_5.jpg,revision,qwen,86.0,0.8846,0.3703,0.1872,,0.7622987569439484,False,False,2025-11-21T09:30:45,,,,,,,
2dc4be22-e04d-4f56-bd04-d01dd1e58335,test005,active,2025-11-20T07:38:08.444282,,f40580f1-a9b8-4336-bb7a-074a267fb8c3,6,29,tgt_0029.jpg,7be652179bd9ae0624b507a099c592e3ab28dc0805ae5a02f8ebaae0bd211c48,真实照片风格，史诗魔法对战场景。邪术师站在画面右方，法师团3人站在左侧，从魔法书中释放白色蓝色光明魔法射向邪术师。邪术师：穿黑色长袍斗篷破烂边缘，兜帽遮脸露出狼人面容，发光红色邪恶眼睛，手持黑色骷髅法杖，法杖射出红色魔法。魔法在中心交融。法师团男女混合，穿白色法师长袍，金色银色装饰边，都是战斗姿态。战场环境：荒废古代遗迹，碎石废墟，地面龟裂发光，烟雾弥漫。戏剧性照明：邪术师周围暗黑氛围紫红光，法师团周围明亮白蓝光，强烈明暗对比。双方对峙紧张激烈。史诗奇幻战斗，光影特效华丽，电影级真实质感。,qwen,,,completed,9a3867ec-d588-48ec-b84f-f80077b51fe4,6,画面右侧是一个形如死神的狼头男巫，身着黑色长袍，眼睛发出红光，左手是骷髅利爪，右手拿着黑色骷髅头魔杖，散发着红色火焰。 左边有穿着白色长袍伴有金色衬边的一男和两女，他们的身后有两根柱子，最左边的男子和中间的女子各自拿着一本圣经，最右侧的女人伸出左手发出白色闪电，射向男巫的魔杖后，光束反射到画面左侧。 画面的背景是一处废墟，地面有裂纹，透出红色熔岩，天空是暗紫色，画风偏写实,70,revisions/rev_f40580f1-a9b8-4336-bb7a-074a267fb8c3_6.jpg,revision,qwen,87.0,0.8603,0.3636,0.1935,,0.737232639136428,False,False,2025-11-21T09:32:38,,,,,,,
2dc4be22-e04d-4f56-bd04-d01dd1e58335,test005,active,2025-11-20T07:38:08.444282,,f40580f1-a9b8-4336-bb7a-074a267fb8c3,6,29,tgt_0029.jpg,7be652179bd9ae0624b507a099c592e3ab28dc0805ae5a02f8ebaae0bd211c48,真实照片风格，史诗魔法对战场景。邪术师站在画面右方，法师团3人站在左侧，从魔法书中释放白色蓝色光明魔法射向邪术师。邪术师：穿黑色长袍斗篷破烂边缘，兜帽遮脸露出狼人面容，发光红色邪恶眼睛，手持黑色骷髅法杖，法杖射出红色魔法。魔法在中心交融。法师团男女混合，穿白色法师长袍，金色银色装饰边，都是战斗姿态。战场环境：荒废古代遗迹，碎石废墟，地面龟裂发光，烟雾弥漫。戏剧性照明：邪术师周围暗黑氛围紫红光，法师团周围明亮白蓝光，强烈明暗对比。双方对峙紧张激烈。史诗奇幻战斗，光影特效华丽，电影级真实质感。,qwen,,,completed,42dfb46e-2443-48d9-9773-3472bec5c253,7,画面右侧是一个形如死神的狼头男巫，身着黑色长袍，眼睛发出红光，左手是骷髅利爪，右手拿着黑色骷髅头魔杖，散发着红色火焰。 左边有一男和两女，他们都穿着相同的白色伴有金色的长袍，他们的身后有两根柱子，最左边的男子和中间的女子各自拿着一本圣经，最右侧的女人伸出左手发出白色闪电，射向男巫的魔杖后，光束反射到画面左侧。 画面的背景是一处废墟，地面有裂纹，透出红色熔岩，天空是暗紫色，画风偏写实,41,revisions/rev_f40580f1-a9b8-4336-bb7a-074a267fb8c3_7.jpg,revision,qwen,88.0,0.8636,0.3606,0.1996,,0.7408432978893419,False,False,2025-11-21T09:33:50,,,,,,,
2dc4be22-e04d-4f56-bd04-d01dd1e58335,test005,active,2025-11-20T07:38:08.444282,,f40580f1-a9b8-4336-bb7a-074a267fb8c3,6,29,tgt_0029.jpg,7be652179bd9ae0624b507a099c592e3ab28dc0805ae5a02f8ebaae0bd211c48,真实照片风格，史诗魔法对战场景。邪术师站在画面右方，法师团3人站在左侧，从魔法书中释放白色蓝色光明魔法射向邪术师。邪术师：穿黑色长袍斗篷破烂边缘，兜帽遮脸露出狼人面容，发光红色邪恶眼睛，手持黑色骷髅法杖，法杖射出红色魔法。魔法在中心交融。法师团男女混合，穿白色法师长袍，金色银色装饰边，都是战斗姿态。战场环境：荒废古代遗迹，碎石废墟，地面龟裂发光，烟雾弥漫。戏剧性照明：邪术师周围暗黑氛围紫红光，法师团周围明亮白蓝光，强烈明暗对比。双方对峙紧张激烈。史诗奇幻战斗，光影特效华丽，电影级真实质感。,qwen,,,completed,5ad57979-5d7b-46f8-9bfc-27bc1ad2b6ce,8,画面右侧是一个形如死神的狼头男巫，身着黑色长袍，眼睛发出红光，左手是骷髅利爪，右手拿着黑色骷髅头魔杖，散发着红色火焰，身后有一根废弃立柱。 左边有一男和两女，他们都穿着相同的白色伴有金色的长袍，他们的身后有两根废弃立柱，最左边的男子和中间的女子各自拿着一本圣经，最右侧的女人伸出左手发出白色闪电，射向男巫的魔杖后，光束反射到画面左侧。 画面的背景是一处废墟，地面有裂纹，透出红色熔岩，天空是暗紫色，画风偏写实,26,revisions/rev_f40580f1-a9b8-4336-bb7a-074a267fb8c3_8.jpg,revision,qwen,88.0,0.8788,0.3455,0.1788,,0.7490464165369112,False,False,2025-11-21T09:34:41,,,,,,,
2dc4be22-e04d-4f56-bd04-d01dd1e58335,test005,active,2025-11-20T07:38:08.444282,,c5b892ab-d0b8-486c-9148-efe8c5df45fd,7,26,tgt_0026.jpg,f8480f25b62e13e01e87b838a7848d4f334f4e5182aa0712e0adb345bac700b9,洛可可风格，宫殿假面舞会。华丽大厅：暗红色深蓝色黄金色墙面，金色雕花边框、C形S形涡卷纹、贝壳纹浮雕。水晶吊灯烛光闪烁，大理石地面反光。8-12位贵族：女性蓬松洛可可长裙（粉红天蓝薄荷绿），腰束裙大，蕾丝蝴蝶结装饰，高耸假发配羽毛珠宝。男性华丽礼服外套，蕾丝领袖口。所有人戴华丽假面具，金银白色，装饰羽毛宝石蕾丝。优雅姿态：跳舞旋转，交谈举杯，扇子遮面。背景：丝绸窗帘，金框镜子，鲜花花瓶，烛台雕塑。柔光烛光，细腻笔触，装饰性强。华丽浪漫梦幻，贵族奢华氛围。,qwen,,,completed,0469c437-47fd-473d-9dc8-43626a9560b2,1,宫殿里在举办假面舞会，画面中间是一男一女，女人在左方，左手挽着男人的右胳膊，男人右手拿着扇子，他们的头顶是有蜡烛的精美吊灯，他们的身后还站着戴着面具的男男女女，背景是宫殿的两面墙壁，左侧墙壁上是金色贝壳装饰，右侧是镜子与放在桌上的花瓶,155,generations/gen_tgt_0026.jpg,initial,qwen,50.0,0.7839,0.4468,0.0362,,0.6543046367404437,False,False,2025-11-20T07:57:21,22fb4ace-3184-4166-9f6d-2982297826e8,3.0,4.0,4.0,3.0,人物衣着风格不一致，背景墙角度不对,2025-11-20T08:23:32.433974
2dc4be22-e04d-4f56-bd04-d01dd1e58335,test005,active,2025-11-20T07:38:08.444282,,c5b892ab-d0b8-486c-9148-efe8c5df45fd,7,26,tgt_0026.jpg,f8480f25b62e13e01e87b838a7848d4f334f4e5182aa0712e0adb345bac700b9,洛可可风格，宫殿假面舞会。华丽大厅：暗红色深蓝色黄金色墙面，金色雕花边框、C形S形涡卷纹、贝壳纹浮雕。水晶吊灯烛光闪烁，大理石地面反光。8-12位贵族：女性蓬松洛可可长裙（粉红天蓝薄荷绿），腰束裙大，蕾丝蝴蝶结装饰，高耸假发配羽毛珠宝。男性华丽礼服外套，蕾丝领袖口。所有人戴华丽假面具，金银白色，装饰羽毛宝石蕾丝。优雅姿态：跳舞旋转，交谈举杯，扇子遮面。背景：丝绸窗帘，金框镜子，鲜花花瓶，烛台雕塑。柔光烛光，细腻笔触，装饰性强。华丽浪漫梦幻，贵族奢华氛围。,qwen,,,completed,fd6926ad-4394-48ce-b7f5-2115e17ad1d1,2,宫殿里在举办假面舞会，画面中间是一男一女，女人在左方，穿着红、蓝、绿三色长裙，左手挽着男人的右胳膊，男人右手拿着扇子，他们的头顶是有蜡烛的精美吊灯，他们的身后还站着戴着面具的男男女女，背景是宫殿的两面墙壁，左侧墙壁上是金色贝壳装饰，右侧是镜子与放在桌上的花瓶。 画面中的男人都穿着黑色礼服，女人穿着各色长裙。,59,revisions/rev_c5b892ab-d0b8-486c-9148-efe8c5df45fd_2.jpg,revision,qwen,60.0,0.821,0.4657,0.0394,,0.6968045892078467,False,False,2025-11-21T09:57:44,8e6a93d8-f394-4723-b7b4-2f88764962ce,3.0,4.0,4.0,3.0,人物衣着风格不一致，背景墙角度不对,2025-11-21T09:57:47.280074
2dc4be22-e04d-4f56-bd04-d01dd1e58335,test005,active,2025-11-20T07:38:08.444282,,c5b892ab-d0b8-486c-9148-efe8c5df45fd,7,26,tgt_0026.jpg,f8480f25b62e13e01e87b838a7848d4f334f4e5182aa0712e0adb345bac700b9,洛可可风格，宫殿假面舞会。华丽大厅：暗红色深蓝色黄金色墙面，金色雕花边框、C形S形涡卷纹、贝壳纹浮雕。水晶吊灯烛光闪烁，大理石地面反光。8-12位贵族：女性蓬松洛可可长裙（粉红天蓝薄荷绿），腰束裙大，蕾丝蝴蝶结装饰，高耸假发配羽毛珠宝。男性华丽礼服外套，蕾丝领袖口。所有人戴华丽假面具，金银白色，装饰羽毛宝石蕾丝。优雅姿态：跳舞旋转，交谈举杯，扇子遮面。背景：丝绸窗帘，金框镜子，鲜花花瓶，烛台雕塑。柔光烛光，细腻笔触，装饰性强。华丽浪漫梦幻，贵族奢华氛围。,qwen,,,completed,744bbd54-7b5b-4453-ac58-c6e0ff1f7af0,3,宫殿里在举办假面舞会，画面中间是一男一女，女人在左方，穿着粉、蓝、绿三色长裙，左手挽着男人的右胳膊，男人右手拿着扇子，他们的头顶是有蜡烛的精美吊灯，他们的身后还站着戴着面具的男男女女，背景是宫殿的两面墙壁，左侧墙壁上是金色贝壳装饰，右侧是镜子与放在桌上的花瓶。 画面中的男人都穿着黑色礼服，女人穿着各色长裙。面具都是半脸金色面具。,35,revisions/rev_c5b892ab-d0b8-486c-9148-efe8c5df45fd_3.jpg,revision,qwen,63.0,0.8245,0.4817,0.0395,,0.7042276614113615,False,False,2025-11-21T09:58:34,3b1cd5b2-f524-42a3-a2d4-b1ebff85e6a8,3.0,4.0,4.0,3.0,人物衣着风格不一致，背景墙角度不对,2025-11-21T09:58:36.929958
2dc4be22-e04d-4f56-bd04-d01dd1e58335,test005,active,2025-11-20T07:38:08.444282,,c5b892ab-d0b8-486c-9148-efe8c5df45fd,7,26,tgt_0026.jpg,f8480f25b62e13e01e87b838a7848d4f334f4e5182aa0712e0adb345bac700b9,洛可可风格，宫殿假面舞会。华丽大厅：暗红色深蓝色黄金色墙面，金色雕花边框、C形S形涡卷纹、贝壳纹浮雕。水晶吊灯烛光闪烁，大理石地面反光。8-12位贵族：女性蓬松洛可可长裙（粉红天蓝薄荷绿），腰束裙大，蕾丝蝴蝶结装饰，高耸假发配羽毛珠宝。男性华丽礼服外套，蕾丝领袖口。所有人戴华丽假面具，金银白色，装饰羽毛宝石蕾丝。优雅姿态：跳舞旋转，交谈举杯，扇子遮面。背景：丝绸窗帘，金框镜子，鲜花花瓶，烛台雕塑。柔光烛光，细腻笔触，装饰性强。华丽浪漫梦幻，贵族奢华氛围。,qwen,,,completed,66ca044b-c28c-40d8-84bb-7f8ca3e515bb,4,宫殿里在举办假面舞会，画面中间是一男一女，女人在左方，穿着粉、蓝、绿三色长裙，左手挽着男人的右胳膊，男人右手拿着扇子，他们的头顶是有蜡烛的精美吊灯，他们的身后还站着戴着面具的男男女女，背景是宫殿的两面玫红色墙壁，左侧墙壁上是一个红色背景的金色贝壳装饰和一个蓝色背景的金色贝壳装饰，右侧是镜子与放在桌上的花瓶。 画面中的男人都穿着黑色礼服，女人穿着各色长裙。面具都是半脸金色面具。,55,revisions/rev_c5b892ab-d0b8-486c-9148-efe8c5df45fd_4.jpg,revision,qwen,66.0,0.8314,0.4589,0.0592,,0.7089228529746311,False,False,2025-11-21T10:00:04,635092c4-b4b5-41be-836d-abd64c9d3697,3.0,4.0,4.0,3.0,人物衣着风格不一致，背景墙角度不对,2025-11-21T10:00:06.750428
2dc4be22-e04d-4f56-bd04-d01dd1e58335,test005,active,2025-11-20T07:38:08.444282,,c5b892ab-d0b8-486c-9148-efe8c5df45fd,7,26,tgt_0026.jpg,f8480f25b62e13e01e87b838a7848d4f334f4e5182aa0712e0adb345bac700b9,洛可可风格，宫殿假面舞会。华丽大厅：暗红色深蓝色黄金色墙面，金色雕花边框、C形S形涡卷纹、贝壳纹浮雕。水晶吊灯烛光闪烁，大理石地面反光。8-12位贵族：女性蓬松洛可可长裙（粉红天蓝薄荷绿），腰束裙大，蕾丝蝴蝶结装饰，高耸假发配羽毛珠宝。男性华丽礼服外套，蕾丝领袖口。所有人戴华丽假面具，金银白色，装饰羽毛宝石蕾丝。优雅姿态：跳舞旋转，交谈举杯，扇子遮面。背景：丝绸窗帘，金框镜子，鲜花花瓶，烛台雕塑。柔光烛光，细腻笔触，装饰性强。华丽浪漫梦幻，贵族奢华氛围。,qwen,,,completed,c1cd2475-a0e4-4fae-be16-8c97d37a8ad3,5,宫殿里在举办假面舞会，画面中间是头上插着羽毛的一男一女，女人在左方，穿着粉、蓝、绿三色长裙，头顶盘着银色头发，一只手挽着男人的右胳膊，男人右手拿着扇子。他们的身后还站着戴着面具的男男女女，背景是宫殿的两面玫红色墙壁，左侧墙壁上是一个红色背景的金色贝壳装饰和一个蓝色背景的金色贝壳装饰，右侧是镜子与放在桌上的花瓶。 宫殿的天花板上是白色的有蜡烛的吊灯。 画面中的男人都穿着黑色礼服，女人穿着各色长裙。面具都是半脸金色面具。,107,revisions/rev_c5b892ab-d0b8-486c-9148-efe8c5df45fd_5.jpg,revision,qwen,65.0,0.8616,0.428,0.0612,,0.7321955081302793,False,False,2025-11-21T10:02:18,72bcb0f1-e976-4c63-b0d4-8d1b1d85584d,3.0,4.0,4.0,3.0,人物衣着风格不一致，背景墙角度不对,2025-11-21T10:02:20.780393
2dc4be22-e04d-4f56-bd04-d01dd1e58335,test005,active,2025-11-20T07:38:08.444282,,c5b892ab-d0b8-486c-9148-efe8c5df45fd,7,26,tgt_0026.jpg,f8480f25b62e13e01e87b838a7848d4f334f4e5182aa0712e0adb345bac700b9,洛可可风格，宫殿假面舞会。华丽大厅：暗红色深蓝色黄金色墙面，金色雕花边框、C形S形涡卷纹、贝壳纹浮雕。水晶吊灯烛光闪烁，大理石地面反光。8-12位贵族：女性蓬松洛可可长裙（粉红天蓝薄荷绿），腰束裙大，蕾丝蝴蝶结装饰，高耸假发配羽毛珠宝。男性华丽礼服外套，蕾丝领袖口。所有人戴华丽假面具，金银白色，装饰羽毛宝石蕾丝。优雅姿态：跳舞旋转，交谈举杯，扇子遮面。背景：丝绸窗帘，金框镜子，鲜花花瓶，烛台雕塑。柔光烛光，细腻笔触，装饰性强。华丽浪漫梦幻，贵族奢华氛围。,qwen,,,completed,4e6a0803-8a1a-473e-b792-5185fa2a0377,6,宫殿里在举办假面舞会，画面中间是头上插着羽毛的一男一女，女人在左方，穿着粉、蓝、绿三色长裙，头顶盘着银色头发，一只手挽着男人的右胳膊，男人右手拿着扇子。他们的身后还站着戴着面具的男男女女，背景是宫殿的两面玫红色墙壁，左侧墙壁上是一个红色背景的金色贝壳装饰和一个蓝色背景的金色贝壳装饰，右侧是镜子与放在桌上的花瓶。 宫殿的天花板上是白色的有蜡烛的吊灯。 画面中的男人都穿着黑色礼服，女人穿着各色长裙。 所有人都戴着半脸金色面具。,26,revisions/rev_c5b892ab-d0b8-486c-9148-efe8c5df45fd_6.jpg,revision,qwen,68.0,0.8467,0.4057,0.0589,,0.7113917709524779,False,False,2025-11-21T10:03:10,4a35dcc0-504a-40ec-9140-6f393306523c,3.0,4.0,4.0,3.0,人物衣着风格不一致，背景墙角度不对,2025-11-21T10:03:12.428018
2dc4be22-e04d-4f56-bd04-d01dd1e58335,test005,active,2025-11-20T07:38:08.444282,,c5b892ab-d0b8-486c-9148-efe8c5df45fd,7,26,tgt_0026.jpg,f8480f25b62e13e01e87b838a7848d4f334f4e5182aa0712e0adb345bac700b9,洛可可风格，宫殿假面舞会。华丽大厅：暗红色深蓝色黄金色墙面，金色雕花边框、C形S形涡卷纹、贝壳纹浮雕。水晶吊灯烛光闪烁，大理石地面反光。8-12位贵族：女性蓬松洛可可长裙（粉红天蓝薄荷绿），腰束裙大，蕾丝蝴蝶结装饰，高耸假发配羽毛珠宝。男性华丽礼服外套，蕾丝领袖口。所有人戴华丽假面具，金银白色，装饰羽毛宝石蕾丝。优雅姿态：跳舞旋转，交谈举杯，扇子遮面。背景：丝绸窗帘，金框镜子，鲜花花瓶，烛台雕塑。柔光烛光，细腻笔触，装饰性强。华丽浪漫梦幻，贵族奢华氛围。,qwen,,,completed,b3d87d65-9dba-4ec2-8a43-2ea5ea475efa,7,宫殿里在举办假面舞会，画面中间是一男一女，女人在左方，穿着粉、蓝、绿三色长裙，头顶盘着银色头发、插着白色羽毛，一只手挽着男人的右胳膊，男人右手拿着扇子、头顶也插着白色羽毛。他们的身后还站着戴着面具的男男女女，背景是宫殿的两面玫红色墙壁，左侧墙壁上是一个红色背景的金色贝壳装饰和一个蓝色背景的金色贝壳装饰，右侧是镜子与放在桌上的花瓶。 宫殿的天花板上是白色的有蜡烛的吊灯。 画面中的男人都穿着黑色伴金色礼服，女人穿着各色长裙。 所有人都戴着半脸金色面具。,56,revisions/rev_c5b892ab-d0b8-486c-9148-efe8c5df45fd_7.jpg,revision,qwen,78.0,0.8837,0.4725,0.0552,,0.7642597332052276,False,False,2025-11-21T10:04:21,7424001c-4185-4ffc-9c16-f02f3e238179,3.0,4.0,4.0,3.0,人物衣着风格不一致，背景墙角度不对,2025-11-21T10:04:23.911002
2dc4be22-e04d-4f56-bd04-d01dd1e58335,test005,active,2025-11-20T07:38:08.444282,,c5b892ab-d0b8-486c-9148-efe8c5df45fd,7,26,tgt_0026.jpg,f8480f25b62e13e01e87b838a7848d4f334f4e5182aa0712e0adb345bac700b9,洛可可风格，宫殿假面舞会。华丽大厅：暗红色深蓝色黄金色墙面，金色雕花边框、C形S形涡卷纹、贝壳纹浮雕。水晶吊灯烛光闪烁，大理石地面反光。8-12位贵族：女性蓬松洛可可长裙（粉红天蓝薄荷绿），腰束裙大，蕾丝蝴蝶结装饰，高耸假发配羽毛珠宝。男性华丽礼服外套，蕾丝领袖口。所有人戴华丽假面具，金银白色，装饰羽毛宝石蕾丝。优雅姿态：跳舞旋转，交谈举杯，扇子遮面。背景：丝绸窗帘，金框镜子，鲜花花瓶，烛台雕塑。柔光烛光，细腻笔触，装饰性强。华丽浪漫梦幻，贵族奢华氛围。,qwen,,,completed,9da9b19d-c333-4410-af84-680def358890,8,宫殿里在举办假面舞会，画面中间是一男一女，女人在左方，穿着粉、蓝、绿三色长裙，头顶盘着白色头发、插着白色羽毛，一只手挽着男人的右胳膊。 男人右手拿着扇子、头顶也插着白色羽毛，腿穿白色长筒袜、脚着皮鞋。 他们的身后还站着戴着面具的男男女女，背景是宫殿的两面玫红色墙壁，左侧墙壁上是一个红色背景的金色贝壳装饰和一个蓝色背景的金色贝壳装饰，右侧是镜子与放在桌上的花瓶。 宫殿的天花板上是白色的有蜡烛的吊灯。 画面中的男人都穿着黑色伴金色礼服，女人穿着各色长裙。 所有人都戴着半脸金色面具。,46,revisions/rev_c5b892ab-d0b8-486c-9148-efe8c5df45fd_8.jpg,revision,qwen,78.0,0.8898,0.4951,0.0604,,0.7767497521732716,False,False,2025-11-21T10:05:51,edb39d72-a9d5-48d3-bb12-ca38966859a6,3.0,4.0,4.0,3.0,人物衣着风格不一致，背景墙角度不对,2025-11-21T10:05:53.123335
47f9b6ce-8612-4653-aeb0-d4491399d179,test007,finished,2025-11-20T05:44:10.425748,2025-11-20T06:47:07.393233,5c2b536d-5adc-4300-b2a1-8152fd86bd90,1,4,tgt_0004.jpg,d6ec74ac4268fb2b3de91118f53875ff4b9402d2e9ac880a7c760712fe745448,中国传统国画风格，工笔写意结合。俯视角度透过清澈海水看向海湾底部。淡青色晶莹水体，花青色层层晕染，细腻水波纹理，透明感强。海底有一堆海胆，5-10只，圆球形密集棘刺，墨黑色，细笔工笔勾勒棘刺。周围有多株珊瑚，分枝状和团块状，朱砂红、藤黄、石青色彩，没骨法或勾勒填色。海底浅褐色细沙或礁石，淡墨皴擦。冷暖色对比，清雅静谧意境，适度留白。,qwen,,,completed,6f62b8f7-0e02-453c-acfd-6de67587fb52,1,水彩风格，画面主题是一片海，下方是沙滩，右侧和下侧都有珊瑚礁，中心是七个黑色海胆，六个海胆围绕一个，海胆在淡蓝色的水里，珊瑚有粉红黄色还有淡红色,93,generations/gen_tgt_0004.jpg,initial,qwen,85.0,0.9126,0.4237,0.2458,,0.8131901726317977,False,False,2025-11-20T05:45:54,d5ea7899-3c06-44b8-9193-04af11c5de90,2.0,7.0,7.0,6.0,画风不太对，但是基本除了珊瑚数量，其他都还不错,2025-11-20T06:02:22.636487
47f9b6ce-8612-4653-aeb0-d4491399d179,test007,finished,2025-11-20T05:44:10.425748,2025-11-20T06:47:07.393233,5c2b536d-5adc-4300-b2a1-8152fd86bd90,1,4,tgt_0004.jpg,d6ec74ac4268fb2b3de91118f53875ff4b9402d2e9ac880a7c760712fe745448,中国传统国画风格，工笔写意结合。俯视角度透过清澈海水看向海湾底部。淡青色晶莹水体，花青色层层晕染，细腻水波纹理，透明感强。海底有一堆海胆，5-10只，圆球形密集棘刺，墨黑色，细笔工笔勾勒棘刺。周围有多株珊瑚，分枝状和团块状，朱砂红、藤黄、石青色彩，没骨法或勾勒填色。海底浅褐色细沙或礁石，淡墨皴擦。冷暖色对比，清雅静谧意境，适度留白。,qwen,,,completed,ef2a45c7-2d17-45ac-b731-e1fb1b9d2770,2,彩色水墨画风格，画面主题是一片海，下方是沙滩，右侧和下侧都有珊瑚礁，中心是七个黑色海胆，六个海胆围绕一个，海胆在淡蓝色的水里，珊瑚有粉红黄色还有淡红色,39,revisions/rev_5c2b536d-5adc-4300-b2a1-8152fd86bd90_2.jpg,revision,qwen,,0.9063,0.3949,0.2347,,0.798015900749418,False,False,2025-11-20T06:03:11,,,,,,,
47f9b6ce-8612-4653-aeb0-d4491399d179,test007,finished,2025-11-20T05:44:10.425748,2025-11-20T06:47:07.393233,5c2b536d-5adc-4300-b2a1-8152fd86bd90,1,4,tgt_0004.jpg,d6ec74ac4268fb2b3de91118f53875ff4b9402d2e9ac880a7c760712fe745448,中国传统国画风格，工笔写意结合。俯视角度透过清澈海水看向海湾底部。淡青色晶莹水体，花青色层层晕染，细腻水波纹理，透明感强。海底有一堆海胆，5-10只，圆球形密集棘刺，墨黑色，细笔工笔勾勒棘刺。周围有多株珊瑚，分枝状和团块状，朱砂红、藤黄、石青色彩，没骨法或勾勒填色。海底浅褐色细沙或礁石，淡墨皴擦。冷暖色对比，清雅静谧意境，适度留白。,qwen,,,completed,4e331d53-2b3c-40d1-b9ed-dc93d0569bca,3,水墨画风格，画面主题是一片海，下方是沙滩，右侧和下侧都有珊瑚礁，中心是七个黑色海胆，六个海胆围绕一个，海胆在淡蓝色的水里，珊瑚有粉红黄色还有淡红色,70,revisions/rev_5c2b536d-5adc-4300-b2a1-8152fd86bd90_3.jpg,revision,qwen,92.0,0.916,0.3025,0.2433,,0.7868143229394,True,True,2025-11-20T06:09:16,bca6deec-0c3d-474c-b370-f0e313cc8adb,6.0,7.0,7.0,7.0,只有画风不一样其他都基本完美,2025-11-20T06:23:18.407288
47f9b6ce-8612-4653-aeb0-d4491399d179,test007,finished,2025-11-20T05:44:10.425748,2025-11-20T06:47:07.393233,31390f7f-4026-4df1-b383-432ec9a72db4,2,8,tgt_0008.jpg,2401d3863989d075c4601f3ada4f98660ea41afe38ee4bddabc59273c292d907,蚀刻版画风格，黑白线条，中国传统庙宇场景。平视或微仰视角度，只有一座青铜鼎居中或偏中为焦点。庙宇建筑：木质立柱、斗拱梁架、石板地面，平行线表现木纹，交叉排线表现石材，密集线条表现柱下阴影。青铜鼎：圆腹三足双耳，厚重器形，表面饕餮纹、云雷纹装饰细节，铭文刻字。蚀刻技法：密集交叉线表现青铜深色金属质感，点刻法表现铜锈斑驳，弧形线条跟随器形曲面，高光稀疏线条或留白，凹陷纹饰密集线条。鼎底投影浓重。环境：袅袅香烟曲线上升，光束从窗格射入（斜向留白），匾额上写静心寺点缀。强烈明暗对比，顶光或侧光，受光面留白，背光面密集交叉线。庄严肃穆氛围，历史厚重感。,qwen,,,completed,f0d5240b-a397-4ca9-98e6-518a332e8858,1,黑白风格，线条明确刻印画风，一座寺庙的门面在画面前方偏右的位置，有光从门窗射进来，中间门面前方是一个青铜鼎，鼎里有插的香,114,generations/gen_tgt_0008.jpg,initial,qwen,,0.8883,0.6285,0.0049,,0.7983702418783332,False,False,2025-11-20T05:47:49,,,,,,,
47f9b6ce-8612-4653-aeb0-d4491399d179,test007,finished,2025-11-20T05:44:10.425748,2025-11-20T06:47:07.393233,31390f7f-4026-4df1-b383-432ec9a72db4,2,8,tgt_0008.jpg,2401d3863989d075c4601f3ada4f98660ea41afe38ee4bddabc59273c292d907,蚀刻版画风格，黑白线条，中国传统庙宇场景。平视或微仰视角度，只有一座青铜鼎居中或偏中为焦点。庙宇建筑：木质立柱、斗拱梁架、石板地面，平行线表现木纹，交叉排线表现石材，密集线条表现柱下阴影。青铜鼎：圆腹三足双耳，厚重器形，表面饕餮纹、云雷纹装饰细节，铭文刻字。蚀刻技法：密集交叉线表现青铜深色金属质感，点刻法表现铜锈斑驳，弧形线条跟随器形曲面，高光稀疏线条或留白，凹陷纹饰密集线条。鼎底投影浓重。环境：袅袅香烟曲线上升，光束从窗格射入（斜向留白），匾额上写静心寺点缀。强烈明暗对比，顶光或侧光，受光面留白，背光面密集交叉线。庄严肃穆氛围，历史厚重感。,qwen,,,completed,6f45cce4-dc13-4400-8a61-2dc3690eb26f,2,黑白风格，线条明确刻印画风，一座寺庙的门面在画面前方偏右的位置，有光从门窗射进来，中间门面前方是一个青铜鼎，青铜鼎大一点，鼎里有插的香,56,revisions/rev_31390f7f-4026-4df1-b383-432ec9a72db4_2.jpg,revision,qwen,,0.8965,0.6602,0.007,,0.8146683040601053,True,True,2025-11-20T06:04:28,696fc7db-fe41-46fa-85db-320187d5ee69,7.0,7.0,7.0,7.0,除了青铜鼎小了其他都还可以,2025-11-20T06:04:39.263681
47f9b6ce-8612-4653-aeb0-d4491399d179,test007,finished,2025-11-20T05:44:10.425748,2025-11-20T06:47:07.393233,1c70b81d-2955-4c4d-a613-d2d57d8bb54c,3,23,tgt_0023.jpg,c67b0617d7719349e34b8a5fedef77730189de62787a73831d5f320094b45958,集合艺术风格，复古物件拼贴。宇宙飞船为主体，由复古物件拼凑而成：船身用旧钟表表盘、齿轮、金属零件、老式收音机旋钮组装，船翼用旧勺子叉子弯曲排列或老式钥匙串联，船尾喷射器用旧灯泡、铜管、螺丝钉拼接，驾驶舱用怀表玻璃罩或老式眼镜镜片，船体装饰老式纽扣、邮票、照片碎片、打字机按键。背景纯黑色。色彩：复古色调，铜色黄铜色、生锈橙褐色、泛黄米色、金银色金属反光、彩色玻璃透光。立体拼贴，物件层叠堆砌，阴影投射，质感丰富粗糙真实。构图：飞船居中或对角线飞行。复古科幻感，蒸汽朋克氛围，手工拼贴质感，怀旧与未来结合，创意趣味性强。,qwen,,,completed,db6926f3-15f5-4458-9235-1f7c2ed50847,1,一架铜飞机，由很多零碎的小物件拼成，机翼上有叉子和勺子纽扣，机身有中标齿轮收音机灯泡，机头有打字机，驾驶员的位置有一个玻璃罩，上面有一个眼镜，背景是黑色的,180,generations/gen_tgt_0023.jpg,initial,qwen,90.0,0.8906,0.734,0.3419,,0.8822109801875974,False,False,2025-11-20T05:50:50,73385ac8-30ea-4e17-ba1e-fe146550a40c,7.0,6.0,7.0,6.0,除了多了个驾驶员其他都完美,2025-11-20T06:23:51.353018
47f9b6ce-8612-4653-aeb0-d4491399d179,test007,finished,2025-11-20T05:44:10.425748,2025-11-20T06:47:07.393233,1c70b81d-2955-4c4d-a613-d2d57d8bb54c,3,23,tgt_0023.jpg,c67b0617d7719349e34b8a5fedef77730189de62787a73831d5f320094b45958,集合艺术风格，复古物件拼贴。宇宙飞船为主体，由复古物件拼凑而成：船身用旧钟表表盘、齿轮、金属零件、老式收音机旋钮组装，船翼用旧勺子叉子弯曲排列或老式钥匙串联，船尾喷射器用旧灯泡、铜管、螺丝钉拼接，驾驶舱用怀表玻璃罩或老式眼镜镜片，船体装饰老式纽扣、邮票、照片碎片、打字机按键。背景纯黑色。色彩：复古色调，铜色黄铜色、生锈橙褐色、泛黄米色、金银色金属反光、彩色玻璃透光。立体拼贴，物件层叠堆砌，阴影投射，质感丰富粗糙真实。构图：飞船居中或对角线飞行。复古科幻感，蒸汽朋克氛围，手工拼贴质感，怀旧与未来结合，创意趣味性强。,qwen,,,completed,bf109a5e-4d1e-42c4-83fd-5dc076fbec22,2,一架铜飞机，由很多零碎的小物件拼成，机翼上有叉子和勺子纽扣，机身有中标齿轮收音机灯泡，机头有打字机，驾驶仓的位置是一个玻璃罩，上面有一个眼镜，背景是黑色的,10,revisions/rev_1c70b81d-2955-4c4d-a613-d2d57d8bb54c_2.jpg,revision,qwen,91.0,0.8926,0.643,0.3357,,0.8611326459667918,True,True,2025-11-20T06:24:10,cb7af99e-2e5f-4c2d-974c-3ebe87a38543,7.0,6.0,7.0,7.0,基本完美，除了细碎的零件有区别,2025-11-20T06:29:01.413304
47f9b6ce-8612-4653-aeb0-d4491399d179,test007,finished,2025-11-20T05:44:10.425748,2025-11-20T06:47:07.393233,bdcc07e3-fa2c-42ca-b2d8-e0dbbd58bdb4,4,21,tgt_0021.jpg,2e7cddff326da9ee7a1037721f0f8234a051536d436c920790b20cf863aaf398,刮画艺术风格（Scratch Art）。黑色涂层底板，用刮刀刮出彩色或金色底层。丹顶鹤在雪山中飞舞，用细刮刀刮出白色线条勾勒鹤身轮廓和羽毛纹理，黑色翅尖和尾羽保留黑色底，头顶刮出朱红色或金色圆形斑。展翅飞翔姿态，翅膀展开，长颈伸展，双腿拖后，用流畅刮痕线条表现动态。背景山峦用粗刮刀刮出轮廓线和山体纹理，刮出蓝色、紫色、银色底层表现雪山，深浅线条密度变化表现山体明暗起伏。雪花用刮刀刮出白色或银色小点、星形、圆点，大小不一散布画面。黑色底板为主，刮出的彩色线条形成对比：白色鹤身、朱红头顶、蓝紫银色山峦、白银色雪花。线条感强，刮痕粗细变化，手工质感，黑色与彩色强烈对比。装饰性构图，平面感，线条简洁有力。神秘梦幻氛围，版画感。,qwen,,,completed,38d7abb4-4a0c-43df-adcd-9f4020ae03e7,1,黑色背景，有一只丹顶鹤在中间，上方背景有一座边缘金色，参杂紫色蓝色的山，下方也有银色和紫色边缘的山,104,generations/gen_tgt_0021.jpg,initial,qwen,35.0,0.832,0.1987,0.1547,,0.6622906197300111,False,False,2025-11-20T05:52:36,4d06daa0-0dae-42d3-9e8c-de2377384df1,4.0,2.0,1.0,1.0,位置不对，画风不一样，构图也不一样,2025-11-20T06:11:26.857032
47f9b6ce-8612-4653-aeb0-d4491399d179,test007,finished,2025-11-20T05:44:10.425748,2025-11-20T06:47:07.393233,bdcc07e3-fa2c-42ca-b2d8-e0dbbd58bdb4,4,21,tgt_0021.jpg,2e7cddff326da9ee7a1037721f0f8234a051536d436c920790b20cf863aaf398,刮画艺术风格（Scratch Art）。黑色涂层底板，用刮刀刮出彩色或金色底层。丹顶鹤在雪山中飞舞，用细刮刀刮出白色线条勾勒鹤身轮廓和羽毛纹理，黑色翅尖和尾羽保留黑色底，头顶刮出朱红色或金色圆形斑。展翅飞翔姿态，翅膀展开，长颈伸展，双腿拖后，用流畅刮痕线条表现动态。背景山峦用粗刮刀刮出轮廓线和山体纹理，刮出蓝色、紫色、银色底层表现雪山，深浅线条密度变化表现山体明暗起伏。雪花用刮刀刮出白色或银色小点、星形、圆点，大小不一散布画面。黑色底板为主，刮出的彩色线条形成对比：白色鹤身、朱红头顶、蓝紫银色山峦、白银色雪花。线条感强，刮痕粗细变化，手工质感，黑色与彩色强烈对比。装饰性构图，平面感，线条简洁有力。神秘梦幻氛围，版画感。,qwen,,,completed,977eb1fb-e3f0-47f0-8f5f-3f9bbeb5f5fb,2,黑色背景，有一只丹顶鹤在中间展开翅膀飞翔，后方背景有一座边缘金色，参杂紫色蓝色边缘的山，左下方也有银色和紫色边缘的山,444,revisions/rev_bdcc07e3-fa2c-42ca-b2d8-e0dbbd58bdb4_2.jpg,revision,qwen,41.0,0.8742,0.1857,0.1356,,0.6984933435881878,False,False,2025-11-20T06:19:51,3f2f84ab-1ddb-4a8b-8405-7c43b3b927c7,2.0,3.0,2.0,2.0,画风不对，山峰位置也不对，丹顶鹤姿势对了,2025-11-20T06:32:51.385784
47f9b6ce-8612-4653-aeb0-d4491399d179,test007,finished,2025-11-20T05:44:10.425748,2025-11-20T06:47:07.393233,bdcc07e3-fa2c-42ca-b2d8-e0dbbd58bdb4,4,21,tgt_0021.jpg,2e7cddff326da9ee7a1037721f0f8234a051536d436c920790b20cf863aaf398,刮画艺术风格（Scratch Art）。黑色涂层底板，用刮刀刮出彩色或金色底层。丹顶鹤在雪山中飞舞，用细刮刀刮出白色线条勾勒鹤身轮廓和羽毛纹理，黑色翅尖和尾羽保留黑色底，头顶刮出朱红色或金色圆形斑。展翅飞翔姿态，翅膀展开，长颈伸展，双腿拖后，用流畅刮痕线条表现动态。背景山峦用粗刮刀刮出轮廓线和山体纹理，刮出蓝色、紫色、银色底层表现雪山，深浅线条密度变化表现山体明暗起伏。雪花用刮刀刮出白色或银色小点、星形、圆点，大小不一散布画面。黑色底板为主，刮出的彩色线条形成对比：白色鹤身、朱红头顶、蓝紫银色山峦、白银色雪花。线条感强，刮痕粗细变化，手工质感，黑色与彩色强烈对比。装饰性构图，平面感，线条简洁有力。神秘梦幻氛围，版画感。,qwen,,,completed,af0cedc1-68c8-4021-a2db-14a3a73e438e,3,黑色背景，有一只丹顶鹤在中间展开翅膀飞翔，后方背景有一座边缘金色，参杂紫色蓝色边缘的山，左下方也有银色和紫色色块边缘的山,226,revisions/rev_bdcc07e3-fa2c-42ca-b2d8-e0dbbd58bdb4_3.jpg,revision,qwen,,0.8813,0.2223,0.1438,,0.7158836258866746,False,False,2025-11-20T06:36:48,,,,,,,
47f9b6ce-8612-4653-aeb0-d4491399d179,test007,finished,2025-11-20T05:44:10.425748,2025-11-20T06:47:07.393233,bdcc07e3-fa2c-42ca-b2d8-e0dbbd58bdb4,4,21,tgt_0021.jpg,2e7cddff326da9ee7a1037721f0f8234a051536d436c920790b20cf863aaf398,刮画艺术风格（Scratch Art）。黑色涂层底板，用刮刀刮出彩色或金色底层。丹顶鹤在雪山中飞舞，用细刮刀刮出白色线条勾勒鹤身轮廓和羽毛纹理，黑色翅尖和尾羽保留黑色底，头顶刮出朱红色或金色圆形斑。展翅飞翔姿态，翅膀展开，长颈伸展，双腿拖后，用流畅刮痕线条表现动态。背景山峦用粗刮刀刮出轮廓线和山体纹理，刮出蓝色、紫色、银色底层表现雪山，深浅线条密度变化表现山体明暗起伏。雪花用刮刀刮出白色或银色小点、星形、圆点，大小不一散布画面。黑色底板为主，刮出的彩色线条形成对比：白色鹤身、朱红头顶、蓝紫银色山峦、白银色雪花。线条感强，刮痕粗细变化，手工质感，黑色与彩色强烈对比。装饰性构图，平面感，线条简洁有力。神秘梦幻氛围，版画感。,qwen,,,completed,91a2d95a-70fb-415a-a411-3f57873454ae,4,黑色背景，画布主体有一只丹顶鹤在中间展开翅膀飞翔占据大部分中心，右后方背景有一座不对称边缘金色，参杂紫色蓝色边缘的山，左下方也有银色边缘的山脉和紫色色块边缘的山交错,40,revisions/rev_bdcc07e3-fa2c-42ca-b2d8-e0dbbd58bdb4_4.jpg,revision,qwen,50.0,0.8619,0.6351,0.1005,,0.7892367265909289,False,False,2025-11-20T06:39:33,386efa37-2c2c-44dd-9eb3-6f9cb3392272,3.0,3.0,1.0,3.0,角度不对，山的角度还可以,2025-11-20T06:41:17.088285
47f9b6ce-8612-4653-aeb0-d4491399d179,test007,finished,2025-11-20T05:44:10.425748,2025-11-20T06:47:07.393233,bdcc07e3-fa2c-42ca-b2d8-e0dbbd58bdb4,4,21,tgt_0021.jpg,2e7cddff326da9ee7a1037721f0f8234a051536d436c920790b20cf863aaf398,刮画艺术风格（Scratch Art）。黑色涂层底板，用刮刀刮出彩色或金色底层。丹顶鹤在雪山中飞舞，用细刮刀刮出白色线条勾勒鹤身轮廓和羽毛纹理，黑色翅尖和尾羽保留黑色底，头顶刮出朱红色或金色圆形斑。展翅飞翔姿态，翅膀展开，长颈伸展，双腿拖后，用流畅刮痕线条表现动态。背景山峦用粗刮刀刮出轮廓线和山体纹理，刮出蓝色、紫色、银色底层表现雪山，深浅线条密度变化表现山体明暗起伏。雪花用刮刀刮出白色或银色小点、星形、圆点，大小不一散布画面。黑色底板为主，刮出的彩色线条形成对比：白色鹤身、朱红头顶、蓝紫银色山峦、白银色雪花。线条感强，刮痕粗细变化，手工质感，黑色与彩色强烈对比。装饰性构图，平面感，线条简洁有力。神秘梦幻氛围，版画感。,qwen,,,completed,3bb8f4ba-5dbf-4340-bd92-ccc648b00250,5,黑色背景，画布主体有一只丹顶鹤在中间向左飞翔占据大部分中心，左后方背景有一座不对称边缘金色，参杂紫色蓝色边缘的山，左下方也有银色边缘的山脉和紫色色块边缘的山交错,15,revisions/rev_bdcc07e3-fa2c-42ca-b2d8-e0dbbd58bdb4_5.jpg,revision,qwen,58.0,0.8557,0.5116,0.0935,,0.7518821587712086,False,False,2025-11-20T06:41:41,9b58bb06-1c8b-4a6e-a4a1-c49a414fb6a4,3.0,3.0,4.0,2.0,画风不对，别的结构还可以,2025-11-20T06:42:55.586477
47f9b6ce-8612-4653-aeb0-d4491399d179,test007,finished,2025-11-20T05:44:10.425748,2025-11-20T06:47:07.393233,bdcc07e3-fa2c-42ca-b2d8-e0dbbd58bdb4,4,21,tgt_0021.jpg,2e7cddff326da9ee7a1037721f0f8234a051536d436c920790b20cf863aaf398,刮画艺术风格（Scratch Art）。黑色涂层底板，用刮刀刮出彩色或金色底层。丹顶鹤在雪山中飞舞，用细刮刀刮出白色线条勾勒鹤身轮廓和羽毛纹理，黑色翅尖和尾羽保留黑色底，头顶刮出朱红色或金色圆形斑。展翅飞翔姿态，翅膀展开，长颈伸展，双腿拖后，用流畅刮痕线条表现动态。背景山峦用粗刮刀刮出轮廓线和山体纹理，刮出蓝色、紫色、银色底层表现雪山，深浅线条密度变化表现山体明暗起伏。雪花用刮刀刮出白色或银色小点、星形、圆点，大小不一散布画面。黑色底板为主，刮出的彩色线条形成对比：白色鹤身、朱红头顶、蓝紫银色山峦、白银色雪花。线条感强，刮痕粗细变化，手工质感，黑色与彩色强烈对比。装饰性构图，平面感，线条简洁有力。神秘梦幻氛围，版画感。,qwen,,,completed,87994346-ba15-469b-b67a-c2439d70e503,6,黑色背景，画布主体有一只丹顶鹤在中间向左飞翔占据大部分中心，左后方背景有一座不对称边缘金色，参杂紫色蓝色边缘的山，左下方也有银色边缘的山脉和紫色色块边缘的山交错，画面中有雪花飘落，中间上方有一轮红日,23,revisions/rev_bdcc07e3-fa2c-42ca-b2d8-e0dbbd58bdb4_6.jpg,revision,qwen,61.0,0.8501,0.4649,0.0571,,0.7288732655722581,True,True,2025-11-20T06:43:42,db6b6f52-371c-4812-a8fd-415e9b60508c,3.0,5.0,5.0,3.0,画风不对，但是其他要素还可以,2025-11-20T06:45:25.708480
47f9b6ce-8612-4653-aeb0-d4491399d179,test007,finished,2025-11-20T05:44:10.425748,2025-11-20T06:47:07.393233,01d444a8-7a8a-48a6-acd4-6863b21ea5f2,5,20,tgt_0020.jpg,1f5e0d9c3bb5169027a225f70d0d02dfa787b4356a56f67cf08d6facc9bf9d8e,真实照片风格，热带海滩场景。椰子树很高，粗糙褐色树干，顶部羽状深绿色椰子叶片扇形展开，树上挂着绿色或棕色椰子果实。树下或沙滩上有椰子蟹，体型大，蓝紫色外壳，粗壮蟹腿和大螯钳，攀爬树干觅食。金黄色细沙滩，背景蓝绿海水和蓝天。自然日光，顶光，树影投射沙滩。暖色调热带氛围。远景景深，椰树和螃蟹清晰，背景虚化。热带海岛自然生态感。,qwen,,,completed,990c6331-748c-42b4-bd71-18dff559f123,1,写实风格，一只紫色的螃蟹在爬画面中间的椰子树，背景是海滩,29,generations/gen_tgt_0020.jpg,initial,qwen,52.0,0.7474,0.511,0.1236,,0.6475981451858526,False,False,2025-11-20T05:53:55,404b68df-4e5e-406a-9a93-3e1229bc2287,7.0,3.0,1.0,2.0,构图不对，椰子树数量也不对,2025-11-20T06:20:39.159392
47f9b6ce-8612-4653-aeb0-d4491399d179,test007,finished,2025-11-20T05:44:10.425748,2025-11-20T06:47:07.393233,01d444a8-7a8a-48a6-acd4-6863b21ea5f2,5,20,tgt_0020.jpg,1f5e0d9c3bb5169027a225f70d0d02dfa787b4356a56f67cf08d6facc9bf9d8e,真实照片风格，热带海滩场景。椰子树很高，粗糙褐色树干，顶部羽状深绿色椰子叶片扇形展开，树上挂着绿色或棕色椰子果实。树下或沙滩上有椰子蟹，体型大，蓝紫色外壳，粗壮蟹腿和大螯钳，攀爬树干觅食。金黄色细沙滩，背景蓝绿海水和蓝天。自然日光，顶光，树影投射沙滩。暖色调热带氛围。远景景深，椰树和螃蟹清晰，背景虚化。热带海岛自然生态感。,qwen,,,completed,e2df31cf-ab24-4ea0-9b61-9c717c0cbda7,2,写实风格，画面中间是一颗椰子树，一只紫色的螃蟹试图从下方爬上去，背景是海滩,36,revisions/rev_01d444a8-7a8a-48a6-acd4-6863b21ea5f2_2.jpg,revision,qwen,78.0,0.8759,0.5418,0.1665,,0.7916786041609823,False,False,2025-11-20T06:21:24,e03266bf-1035-4439-b4c1-afd8f2b8bd2f,7.0,5.0,3.0,5.0,螃蟹位置不对，别的还可以,2025-11-20T06:26:27.425503
47f9b6ce-8612-4653-aeb0-d4491399d179,test007,finished,2025-11-20T05:44:10.425748,2025-11-20T06:47:07.393233,01d444a8-7a8a-48a6-acd4-6863b21ea5f2,5,20,tgt_0020.jpg,1f5e0d9c3bb5169027a225f70d0d02dfa787b4356a56f67cf08d6facc9bf9d8e,真实照片风格，热带海滩场景。椰子树很高，粗糙褐色树干，顶部羽状深绿色椰子叶片扇形展开，树上挂着绿色或棕色椰子果实。树下或沙滩上有椰子蟹，体型大，蓝紫色外壳，粗壮蟹腿和大螯钳，攀爬树干觅食。金黄色细沙滩，背景蓝绿海水和蓝天。自然日光，顶光，树影投射沙滩。暖色调热带氛围。远景景深，椰树和螃蟹清晰，背景虚化。热带海岛自然生态感。,qwen,,,completed,c1aeaf5b-efba-4ea5-ad92-4648f0bb33f5,3,写实风格，画面中间是一颗椰子树，一只紫色的螃蟹试图从椰子树底部爬上去，背景是海滩,9,revisions/rev_01d444a8-7a8a-48a6-acd4-6863b21ea5f2_3.jpg,revision,qwen,85.0,0.8422,0.5471,0.1895,,0.7628218388622713,False,False,2025-11-20T06:26:46,,,,,,,
47f9b6ce-8612-4653-aeb0-d4491399d179,test007,finished,2025-11-20T05:44:10.425748,2025-11-20T06:47:07.393233,01d444a8-7a8a-48a6-acd4-6863b21ea5f2,5,20,tgt_0020.jpg,1f5e0d9c3bb5169027a225f70d0d02dfa787b4356a56f67cf08d6facc9bf9d8e,真实照片风格，热带海滩场景。椰子树很高，粗糙褐色树干，顶部羽状深绿色椰子叶片扇形展开，树上挂着绿色或棕色椰子果实。树下或沙滩上有椰子蟹，体型大，蓝紫色外壳，粗壮蟹腿和大螯钳，攀爬树干觅食。金黄色细沙滩，背景蓝绿海水和蓝天。自然日光，顶光，树影投射沙滩。暖色调热带氛围。远景景深，椰树和螃蟹清晰，背景虚化。热带海岛自然生态感。,qwen,,,completed,29105724-d11a-43ff-ad67-05ab3d12fc42,4,写实风格，画面中间是一颗椰子树，一只紫色的螃蟹试图从椰子树底部爬上去，背景是海滩,64,revisions/rev_01d444a8-7a8a-48a6-acd4-6863b21ea5f2_4.jpg,revision,qwen,84.0,0.8401,0.5483,0.1898,,0.7610464056163221,False,False,2025-11-20T06:31:50,,,,,,,
47f9b6ce-8612-4653-aeb0-d4491399d179,test007,finished,2025-11-20T05:44:10.425748,2025-11-20T06:47:07.393233,01d444a8-7a8a-48a6-acd4-6863b21ea5f2,5,20,tgt_0020.jpg,1f5e0d9c3bb5169027a225f70d0d02dfa787b4356a56f67cf08d6facc9bf9d8e,真实照片风格，热带海滩场景。椰子树很高，粗糙褐色树干，顶部羽状深绿色椰子叶片扇形展开，树上挂着绿色或棕色椰子果实。树下或沙滩上有椰子蟹，体型大，蓝紫色外壳，粗壮蟹腿和大螯钳，攀爬树干觅食。金黄色细沙滩，背景蓝绿海水和蓝天。自然日光，顶光，树影投射沙滩。暖色调热带氛围。远景景深，椰树和螃蟹清晰，背景虚化。热带海岛自然生态感。,qwen,,,completed,a7485d35-092e-4d13-9845-f225383afa31,5,写实风格，画面中间是一颗椰子树，一只紫色的螃蟹试图从椰子树底部爬上去，背景是海滩，沙滩上没有椰子，椰子树顶部有椰子,17,revisions/rev_01d444a8-7a8a-48a6-acd4-6863b21ea5f2_5.jpg,revision,qwen,90.0,0.8831,0.4822,0.2082,,0.7914053482277674,False,False,2025-11-20T06:37:48,,,,,,,
47f9b6ce-8612-4653-aeb0-d4491399d179,test007,finished,2025-11-20T05:44:10.425748,2025-11-20T06:47:07.393233,01d444a8-7a8a-48a6-acd4-6863b21ea5f2,5,20,tgt_0020.jpg,1f5e0d9c3bb5169027a225f70d0d02dfa787b4356a56f67cf08d6facc9bf9d8e,真实照片风格，热带海滩场景。椰子树很高，粗糙褐色树干，顶部羽状深绿色椰子叶片扇形展开，树上挂着绿色或棕色椰子果实。树下或沙滩上有椰子蟹，体型大，蓝紫色外壳，粗壮蟹腿和大螯钳，攀爬树干觅食。金黄色细沙滩，背景蓝绿海水和蓝天。自然日光，顶光，树影投射沙滩。暖色调热带氛围。远景景深，椰树和螃蟹清晰，背景虚化。热带海岛自然生态感。,qwen,,,completed,2028e2fa-721f-4e31-b01e-a328b8fb9016,6,写实风格，画面中间是一颗椰子树，一只紫色的螃蟹试图从椰子树右侧底部爬上去，背景是海滩，沙滩上没有椰子，椰子树顶部有椰子,15,revisions/rev_01d444a8-7a8a-48a6-acd4-6863b21ea5f2_6.jpg,revision,qwen,96.0,0.8876,0.4873,0.1984,,0.7955498163065178,True,True,2025-11-20T06:38:19,,,,,,,
47f9b6ce-8612-4653-aeb0-d4491399d179,test007,finished,2025-11-20T05:44:10.425748,2025-11-20T06:47:07.393233,e484186d-04d2-4b6a-a7dc-53719a7ecba4,6,7,tgt_0007.jpg,bd0a53f48bf02a1dd57258e9b3bb509de5d77c6d3e068d7051649322d2e7ca2b,蚀刻版画风格，黑白线条，工业革命时期欧洲城市场景。平视或微仰视角度，石拱桥或铸铁桥横跨画面中部，交叉排线表现石材或铁架结构，密集线条表现桥洞阴影。桥上3-8位商人，燕尾服、高顶礼帽、手杖，行走、交谈、提箱，轮廓清晰，服装用平行线表现褶皱。桥下河流有2-5艘船只：货船、蒸汽船冒烟、帆船、小舟，木质结构，装载货物，船工操作。水面波纹用曲线表现，船只倒影波动线条。背景城市天际线：教堂尖顶、工厂烟囱冒烟、排屋、仓库，高低错落。强烈明暗对比，侧光或顶光，交叉排线表现阴影，留白表现高光。工业时代氛围，历史感，细节丰富。,qwen,,,completed,69a4c84c-8005-4472-8267-491b95afda34,1,黑白相间风格，线条艺术，中间是一座桥，下面有船，桥上有一排穿西装戴礼帽的男人，背景有房屋和烟囱,71,generations/gen_tgt_0007.jpg,initial,qwen,74.0,0.8275,0.1303,0.0481,,0.6234753232177933,False,False,2025-11-20T05:55:07,3db7ded3-9cfb-477b-a168-4cf3bed65f9a,4.0,3.0,6.0,3.0,画风不太对，任务数量对不上，船也对不上，背景房子也不对,2025-11-20T06:10:09.364885
47f9b6ce-8612-4653-aeb0-d4491399d179,test007,finished,2025-11-20T05:44:10.425748,2025-11-20T06:47:07.393233,e484186d-04d2-4b6a-a7dc-53719a7ecba4,6,7,tgt_0007.jpg,bd0a53f48bf02a1dd57258e9b3bb509de5d77c6d3e068d7051649322d2e7ca2b,蚀刻版画风格，黑白线条，工业革命时期欧洲城市场景。平视或微仰视角度，石拱桥或铸铁桥横跨画面中部，交叉排线表现石材或铁架结构，密集线条表现桥洞阴影。桥上3-8位商人，燕尾服、高顶礼帽、手杖，行走、交谈、提箱，轮廓清晰，服装用平行线表现褶皱。桥下河流有2-5艘船只：货船、蒸汽船冒烟、帆船、小舟，木质结构，装载货物，船工操作。水面波纹用曲线表现，船只倒影波动线条。背景城市天际线：教堂尖顶、工厂烟囱冒烟、排屋、仓库，高低错落。强烈明暗对比，侧光或顶光，交叉排线表现阴影，留白表现高光。工业时代氛围，历史感，细节丰富。,qwen,,,completed,242b403b-a80f-4296-b99b-dd229ffade60,2,黑白相间风格，线条艺术，中间是一座桥，下面有几艘船，桥上有五个穿西装戴礼帽的男人，背景有房屋和烟囱在画面右侧后方，,19,revisions/rev_e484186d-04d2-4b6a-a7dc-53719a7ecba4_2.jpg,revision,qwen,80.0,0.7899,0.1205,0.0719,,0.587160023560862,False,False,2025-11-20T06:10:50,b688feff-8df6-4016-b52a-bdd8280fee22,5.0,6.0,6.0,5.0,画风还是不太一样，但是基本方位都对了,2025-11-20T06:21:57.658043
47f9b6ce-8612-4653-aeb0-d4491399d179,test007,finished,2025-11-20T05:44:10.425748,2025-11-20T06:47:07.393233,e484186d-04d2-4b6a-a7dc-53719a7ecba4,6,7,tgt_0007.jpg,bd0a53f48bf02a1dd57258e9b3bb509de5d77c6d3e068d7051649322d2e7ca2b,蚀刻版画风格，黑白线条，工业革命时期欧洲城市场景。平视或微仰视角度，石拱桥或铸铁桥横跨画面中部，交叉排线表现石材或铁架结构，密集线条表现桥洞阴影。桥上3-8位商人，燕尾服、高顶礼帽、手杖，行走、交谈、提箱，轮廓清晰，服装用平行线表现褶皱。桥下河流有2-5艘船只：货船、蒸汽船冒烟、帆船、小舟，木质结构，装载货物，船工操作。水面波纹用曲线表现，船只倒影波动线条。背景城市天际线：教堂尖顶、工厂烟囱冒烟、排屋、仓库，高低错落。强烈明暗对比，侧光或顶光，交叉排线表现阴影，留白表现高光。工业时代氛围，历史感，细节丰富。,qwen,,,completed,71ed85f2-9b32-480a-bd98-89fa341fc86c,3,黑白相间风格，线条艺术有粗细变化，中间是一座桥，下面有几艘船，桥上有五个穿西装戴礼帽的男人，背景有房屋和烟囱在画面右侧后方，,17,revisions/rev_e484186d-04d2-4b6a-a7dc-53719a7ecba4_3.jpg,revision,qwen,86.0,0.817,0.1344,0.069,,0.6173579076109414,False,False,2025-11-20T06:22:24,,,,,,,
47f9b6ce-8612-4653-aeb0-d4491399d179,test007,finished,2025-11-20T05:44:10.425748,2025-11-20T06:47:07.393233,e484186d-04d2-4b6a-a7dc-53719a7ecba4,6,7,tgt_0007.jpg,bd0a53f48bf02a1dd57258e9b3bb509de5d77c6d3e068d7051649322d2e7ca2b,蚀刻版画风格，黑白线条，工业革命时期欧洲城市场景。平视或微仰视角度，石拱桥或铸铁桥横跨画面中部，交叉排线表现石材或铁架结构，密集线条表现桥洞阴影。桥上3-8位商人，燕尾服、高顶礼帽、手杖，行走、交谈、提箱，轮廓清晰，服装用平行线表现褶皱。桥下河流有2-5艘船只：货船、蒸汽船冒烟、帆船、小舟，木质结构，装载货物，船工操作。水面波纹用曲线表现，船只倒影波动线条。背景城市天际线：教堂尖顶、工厂烟囱冒烟、排屋、仓库，高低错落。强烈明暗对比，侧光或顶光，交叉排线表现阴影，留白表现高光。工业时代氛围，历史感，细节丰富。,qwen,,,completed,49edbeae-5512-4c30-8fac-6fe9fc2ed6a9,4,黑白相间风格，线条艺术有粗细变化，中间是一座桥，下面有几艘船，桥上有五个穿西装戴礼帽的男人，背景有房屋和烟囱在画面右侧后方，桥洞后面可以看见远处的房子和工厂烟囱,35,revisions/rev_e484186d-04d2-4b6a-a7dc-53719a7ecba4_4.jpg,revision,qwen,90.0,0.8168,0.1521,0.0699,,0.6215974423765842,True,True,2025-11-20T06:30:38,9d95dcf8-b8ca-4bcb-af13-96c66f98ca83,5.0,6.0,7.0,7.0,除了画风有不一样，别的都还可以,2025-11-20T06:44:20.633637
47f9b6ce-8612-4653-aeb0-d4491399d179,test007,finished,2025-11-20T05:44:10.425748,2025-11-20T06:47:07.393233,73864ba4-fc8d-4455-a015-7586b8999188,7,5,tgt_0005.jpg,8fcc98c594fd5ab5450d2fd5b483ca2856fdc81740da11e87cae7a9c8d7786d5,中国传统国画风格，花鸟画技法。半俯视角度，地面堆叠着10-20个大小不一的鸟笼和竹编箱笼。笼子造型是六角笼。工笔线描勾勒竹条木框结构，赭石色、淡黄竹色、褐色。每个笼里面装着不同种类的鸟，鸟必须在笼子里面透视要正确：画眉、百灵、八哥、金丝雀等。鸟类姿态为栖息。工笔细描羽毛纹理，或写意简笔点染。笼内有栖木、食盒、水罐。地面淡墨皴擦或留白，青石板。高低错落，前后重叠，疏密有致。淡墨阴影增加立体感。传统花鸟画韵味，市井生活气息。,qwen,,,completed,e627623f-60a8-4c58-a00c-dcb956a11827,1,国风，一堆笼子在青色的地砖上，背景是米白色，笼子有红色，黄色，棕色，每个里面都有不同的鸟,34,generations/gen_tgt_0005.jpg,initial,qwen,30.0,0.8415,0.384,0.2269,,0.7287784610361632,False,False,2025-11-20T05:55:42,e3416361-927e-4b98-9a19-a0596c7213b6,1.0,1.0,1.0,1.0,风格不对，笼子方位不对数量也不对,2025-11-20T06:24:44.893813
47f9b6ce-8612-4653-aeb0-d4491399d179,test007,finished,2025-11-20T05:44:10.425748,2025-11-20T06:47:07.393233,73864ba4-fc8d-4455-a015-7586b8999188,7,5,tgt_0005.jpg,8fcc98c594fd5ab5450d2fd5b483ca2856fdc81740da11e87cae7a9c8d7786d5,中国传统国画风格，花鸟画技法。半俯视角度，地面堆叠着10-20个大小不一的鸟笼和竹编箱笼。笼子造型是六角笼。工笔线描勾勒竹条木框结构，赭石色、淡黄竹色、褐色。每个笼里面装着不同种类的鸟，鸟必须在笼子里面透视要正确：画眉、百灵、八哥、金丝雀等。鸟类姿态为栖息。工笔细描羽毛纹理，或写意简笔点染。笼内有栖木、食盒、水罐。地面淡墨皴擦或留白，青石板。高低错落，前后重叠，疏密有致。淡墨阴影增加立体感。传统花鸟画韵味，市井生活气息。,qwen,,,completed,1358babf-cb44-475f-855d-0b68bfb29122,2,国画风，十个笼子在青色的地砖上，背景是米白色，笼子有红色，黄色，棕色，每个里面都有不同的鸟,53,revisions/rev_73864ba4-fc8d-4455-a015-7586b8999188_2.jpg,revision,qwen,38.0,0.9321,0.3597,0.1886,,0.807827316834377,False,False,2025-11-20T06:25:11,5e0e8bb8-6e52-4b27-8a30-dead9d4dc6fb,1.0,4.0,1.0,1.0,位置方位还是不对，画风也有区别,2025-11-20T06:27:25.040676
47f9b6ce-8612-4653-aeb0-d4491399d179,test007,finished,2025-11-20T05:44:10.425748,2025-11-20T06:47:07.393233,73864ba4-fc8d-4455-a015-7586b8999188,7,5,tgt_0005.jpg,8fcc98c594fd5ab5450d2fd5b483ca2856fdc81740da11e87cae7a9c8d7786d5,中国传统国画风格，花鸟画技法。半俯视角度，地面堆叠着10-20个大小不一的鸟笼和竹编箱笼。笼子造型是六角笼。工笔线描勾勒竹条木框结构，赭石色、淡黄竹色、褐色。每个笼里面装着不同种类的鸟，鸟必须在笼子里面透视要正确：画眉、百灵、八哥、金丝雀等。鸟类姿态为栖息。工笔细描羽毛纹理，或写意简笔点染。笼内有栖木、食盒、水罐。地面淡墨皴擦或留白，青石板。高低错落，前后重叠，疏密有致。淡墨阴影增加立体感。传统花鸟画韵味，市井生活气息。,qwen,,,completed,53169aa9-e863-4760-92df-5bf7fce85b18,3,水墨画风，十个笼子摆在高低不一的箱子上，中间地下铺着一些青色的地砖，背景是米白色，笼子有红色，黄色，棕色，每个里面都有不同的鸟,53,revisions/rev_73864ba4-fc8d-4455-a015-7586b8999188_3.jpg,revision,qwen,58.0,0.8457,0.4294,0.2262,,0.7439026753926044,False,False,2025-11-20T06:28:27,,,,,,,
47f9b6ce-8612-4653-aeb0-d4491399d179,test007,finished,2025-11-20T05:44:10.425748,2025-11-20T06:47:07.393233,73864ba4-fc8d-4455-a015-7586b8999188,7,5,tgt_0005.jpg,8fcc98c594fd5ab5450d2fd5b483ca2856fdc81740da11e87cae7a9c8d7786d5,中国传统国画风格，花鸟画技法。半俯视角度，地面堆叠着10-20个大小不一的鸟笼和竹编箱笼。笼子造型是六角笼。工笔线描勾勒竹条木框结构，赭石色、淡黄竹色、褐色。每个笼里面装着不同种类的鸟，鸟必须在笼子里面透视要正确：画眉、百灵、八哥、金丝雀等。鸟类姿态为栖息。工笔细描羽毛纹理，或写意简笔点染。笼内有栖木、食盒、水罐。地面淡墨皴擦或留白，青石板。高低错落，前后重叠，疏密有致。淡墨阴影增加立体感。传统花鸟画韵味，市井生活气息。,qwen,,,completed,3fe21ead-0098-42ad-bd32-0a687517bb87,4,水墨画风，侧俯视视角，十个笼子摆在高低不一的箱子上，中间地下铺着一些青色的地砖，背景是米白色，笼子有红色，黄色，棕色，每个里面都有不同的鸟,11,revisions/rev_73864ba4-fc8d-4455-a015-7586b8999188_4.jpg,revision,qwen,46.0,0.7967,0.4568,0.231,,0.701965214718815,False,False,2025-11-20T06:40:16,,,,,,,
47f9b6ce-8612-4653-aeb0-d4491399d179,test007,finished,2025-11-20T05:44:10.425748,2025-11-20T06:47:07.393233,73864ba4-fc8d-4455-a015-7586b8999188,7,5,tgt_0005.jpg,8fcc98c594fd5ab5450d2fd5b483ca2856fdc81740da11e87cae7a9c8d7786d5,中国传统国画风格，花鸟画技法。半俯视角度，地面堆叠着10-20个大小不一的鸟笼和竹编箱笼。笼子造型是六角笼。工笔线描勾勒竹条木框结构，赭石色、淡黄竹色、褐色。每个笼里面装着不同种类的鸟，鸟必须在笼子里面透视要正确：画眉、百灵、八哥、金丝雀等。鸟类姿态为栖息。工笔细描羽毛纹理，或写意简笔点染。笼内有栖木、食盒、水罐。地面淡墨皴擦或留白，青石板。高低错落，前后重叠，疏密有致。淡墨阴影增加立体感。传统花鸟画韵味，市井生活气息。,qwen,,,completed,2d34362c-0fca-4983-b7e6-2ff553d10825,5,水墨画风，侧俯视视角，画面中间十个笼子摆在高低不一的箱子上，地下铺着一些青色的地砖，背景是米白色，笼子有红色，黄色，棕色，每个里面都有不同的鸟,12,revisions/rev_73864ba4-fc8d-4455-a015-7586b8999188_5.jpg,revision,qwen,71.0,0.812,0.4291,0.2373,,0.7117126680276402,True,True,2025-11-20T06:42:25,6a675473-72c0-46f2-abc0-4286cffe7f72,5.0,5.0,5.0,5.0,基本上可以除了笼子颜色和细节,2025-11-20T06:46:11.173684
9e93614a-d00a-4c01-ae3e-f0794c1a7714,test010,active,2025-11-21T06:31:43.280283,,656e26c4-e4e1-452b-8fe2-b8b1d3ff3ea9,1,15,tgt_0015.jpg,9e6a0c5ed31e8c4ac437ccd40a9c2c3b428dcac648db6ee52ef3264ef00641f8,洞穴壁画风格，新原始主义。粗糙岩石墙面纹理，米黄色、赭石色、浅褐色石壁背景。极简人物造型：火柴人式简化，棍状身体四肢，圆点或小圆头部，无五官细节。3-5位猎人追逐1只鹿，侧面剪影轮廓。猎人动态奔跑姿态：棍状腿大跨步，棍状手臂伸展，一手持长矛（简单直线加尖头），身体前倾追逐。鹿极简造型：棍状细腿奔跑，椭圆或弧线身体，细长颈部，小圆头，简单分叉线条鹿角，四腿伸展逃窜姿态。所有形象用单一颜色绘制：深褐色、红褐色、赭石色、或黑色，类似天然矿物颜料。线条粗糙不规则，手绘原始感，边缘毛糙。无阴影无光影，纯平面轮廓。简化背景：可选地平线（单一横线），稀疏简化植物（几根竖线或简单树形线条），或完全空白石壁。动态构图从左到右或对角线追逐方向。色彩极简：石壁浅色底（米黄赭石浅褐），图像深色（深褐红褐黑色），单色或双色绘制。原始粗犷，史前艺术感，叙事性简洁直接，生存狩猎主题。粗糙笔触矿物颜料感，边缘不平整，年代感斑驳可选（颜料剥落、石壁裂纹）。,qwen,,,completed,3b861a26-d7e2-4e63-9191-fc5c0d32bca3,1,图片风格类似于壁画，地面是蜡红色，图片下方有三个原始火柴人正在从左往右追逐一头鹿，三个火柴人的最右边那个拿着一根矛，图片上方是一个山洞，有破碎的感觉，画面中央的背景是白色，上方是黑色,299,generations/gen_tgt_0015.jpg,initial,qwen,67.0,0.9062,0.1367,0.1265,,0.7173485954558348,False,False,2025-11-21T06:37:00,c667d68c-ce63-41c3-a3a2-5c63628128c9,5.0,7.0,7.0,5.0,无,2025-11-21T06:54:36.569061
9e93614a-d00a-4c01-ae3e-f0794c1a7714,test010,active,2025-11-21T06:31:43.280283,,656e26c4-e4e1-452b-8fe2-b8b1d3ff3ea9,1,15,tgt_0015.jpg,9e6a0c5ed31e8c4ac437ccd40a9c2c3b428dcac648db6ee52ef3264ef00641f8,洞穴壁画风格，新原始主义。粗糙岩石墙面纹理，米黄色、赭石色、浅褐色石壁背景。极简人物造型：火柴人式简化，棍状身体四肢，圆点或小圆头部，无五官细节。3-5位猎人追逐1只鹿，侧面剪影轮廓。猎人动态奔跑姿态：棍状腿大跨步，棍状手臂伸展，一手持长矛（简单直线加尖头），身体前倾追逐。鹿极简造型：棍状细腿奔跑，椭圆或弧线身体，细长颈部，小圆头，简单分叉线条鹿角，四腿伸展逃窜姿态。所有形象用单一颜色绘制：深褐色、红褐色、赭石色、或黑色，类似天然矿物颜料。线条粗糙不规则，手绘原始感，边缘毛糙。无阴影无光影，纯平面轮廓。简化背景：可选地平线（单一横线），稀疏简化植物（几根竖线或简单树形线条），或完全空白石壁。动态构图从左到右或对角线追逐方向。色彩极简：石壁浅色底（米黄赭石浅褐），图像深色（深褐红褐黑色），单色或双色绘制。原始粗犷，史前艺术感，叙事性简洁直接，生存狩猎主题。粗糙笔触矿物颜料感，边缘不平整，年代感斑驳可选（颜料剥落、石壁裂纹）。,qwen,,,completed,d0df1b11-4066-415a-95d7-11a72bbf3a3f,2,图片风格类似于壁画，地面是暗砖红色，地面上没有影子，图片下方有三个原始火柴人正在从左往右追逐一头黑色鹿，三个火柴人的最右边那个人拿着一根矛，图片上方是一个山洞，有破碎的感觉，画面中央的背景是白色，上方是黑色，人物占据整个画面的下半部分，山洞的洞口挺大的，图片上方呈棕黑色,96,revisions/rev_656e26c4-e4e1-452b-8fe2-b8b1d3ff3ea9_2.jpg,revision,qwen,69.0,0.8489,0.1566,0.1045,,0.6607797661355813,False,False,2025-11-21T06:56:25,,,,,,,
9e93614a-d00a-4c01-ae3e-f0794c1a7714,test010,active,2025-11-21T06:31:43.280283,,656e26c4-e4e1-452b-8fe2-b8b1d3ff3ea9,1,15,tgt_0015.jpg,9e6a0c5ed31e8c4ac437ccd40a9c2c3b428dcac648db6ee52ef3264ef00641f8,洞穴壁画风格，新原始主义。粗糙岩石墙面纹理，米黄色、赭石色、浅褐色石壁背景。极简人物造型：火柴人式简化，棍状身体四肢，圆点或小圆头部，无五官细节。3-5位猎人追逐1只鹿，侧面剪影轮廓。猎人动态奔跑姿态：棍状腿大跨步，棍状手臂伸展，一手持长矛（简单直线加尖头），身体前倾追逐。鹿极简造型：棍状细腿奔跑，椭圆或弧线身体，细长颈部，小圆头，简单分叉线条鹿角，四腿伸展逃窜姿态。所有形象用单一颜色绘制：深褐色、红褐色、赭石色、或黑色，类似天然矿物颜料。线条粗糙不规则，手绘原始感，边缘毛糙。无阴影无光影，纯平面轮廓。简化背景：可选地平线（单一横线），稀疏简化植物（几根竖线或简单树形线条），或完全空白石壁。动态构图从左到右或对角线追逐方向。色彩极简：石壁浅色底（米黄赭石浅褐），图像深色（深褐红褐黑色），单色或双色绘制。原始粗犷，史前艺术感，叙事性简洁直接，生存狩猎主题。粗糙笔触矿物颜料感，边缘不平整，年代感斑驳可选（颜料剥落、石壁裂纹）。,qwen,,,completed,aefcd282-b6f7-45f0-aedf-3297f48e5f36,3,图片风格类似于壁画，地面是暗砖红色，地面上没有影子，图片只有左边三个人和右边一头鹿，所有人手上都没有拿火把，下方有三个原始火柴人正在从左往右追逐一头黑色鹿，三个火柴人的最右边那个人拿着一根矛，图片上方是一个山洞，有破碎的感觉，画面中央的背景是白色，上方是黑色，人物占据整个画面的下半部分，山洞的洞口挺大的，图片上方呈棕黑色，图片上方的山洞口只占一小部分，人物的体积很大！,108,revisions/rev_656e26c4-e4e1-452b-8fe2-b8b1d3ff3ea9_3.jpg,revision,qwen,55.0,0.8911,0.1573,0.0959,,0.7020473162655,False,False,2025-11-21T07:01:21,a832a25b-b130-420d-95a9-2e32c1082c58,5.0,4.0,6.0,5.0,无,2025-11-21T07:09:20.169265
9e93614a-d00a-4c01-ae3e-f0794c1a7714,test010,active,2025-11-21T06:31:43.280283,,656e26c4-e4e1-452b-8fe2-b8b1d3ff3ea9,1,15,tgt_0015.jpg,9e6a0c5ed31e8c4ac437ccd40a9c2c3b428dcac648db6ee52ef3264ef00641f8,洞穴壁画风格，新原始主义。粗糙岩石墙面纹理，米黄色、赭石色、浅褐色石壁背景。极简人物造型：火柴人式简化，棍状身体四肢，圆点或小圆头部，无五官细节。3-5位猎人追逐1只鹿，侧面剪影轮廓。猎人动态奔跑姿态：棍状腿大跨步，棍状手臂伸展，一手持长矛（简单直线加尖头），身体前倾追逐。鹿极简造型：棍状细腿奔跑，椭圆或弧线身体，细长颈部，小圆头，简单分叉线条鹿角，四腿伸展逃窜姿态。所有形象用单一颜色绘制：深褐色、红褐色、赭石色、或黑色，类似天然矿物颜料。线条粗糙不规则，手绘原始感，边缘毛糙。无阴影无光影，纯平面轮廓。简化背景：可选地平线（单一横线），稀疏简化植物（几根竖线或简单树形线条），或完全空白石壁。动态构图从左到右或对角线追逐方向。色彩极简：石壁浅色底（米黄赭石浅褐），图像深色（深褐红褐黑色），单色或双色绘制。原始粗犷，史前艺术感，叙事性简洁直接，生存狩猎主题。粗糙笔触矿物颜料感，边缘不平整，年代感斑驳可选（颜料剥落、石壁裂纹）。,qwen,,,completed,04abc09d-2ec3-4e1a-8498-be813e99d9c4,4,图片风格类似于壁画，地面是暗砖红色，地面上没有影子，图片只有左边三个人和右边一头鹿，所有人手上都没有拿火把，下方有三个原始火柴人正在从左往右追逐一头黑色鹿，三个火柴人的最右边那个人拿着一根矛，图片上方是一个山洞，有破碎的感觉，画面中央的背景是白色，上方是黑色，人物占据整个画面的下半部分，山洞的洞口挺大的，图片上方呈棕黑色，图片上方的山洞口只占一小部分，人物的体积很大！,83,revisions/rev_656e26c4-e4e1-452b-8fe2-b8b1d3ff3ea9_4.jpg,revision,qwen,56.0,0.8803,0.1592,0.0983,,0.6920231214024308,False,False,2025-11-21T07:09:34,,,,,,,
9e93614a-d00a-4c01-ae3e-f0794c1a7714,test010,active,2025-11-21T06:31:43.280283,,656e26c4-e4e1-452b-8fe2-b8b1d3ff3ea9,1,15,tgt_0015.jpg,9e6a0c5ed31e8c4ac437ccd40a9c2c3b428dcac648db6ee52ef3264ef00641f8,洞穴壁画风格，新原始主义。粗糙岩石墙面纹理，米黄色、赭石色、浅褐色石壁背景。极简人物造型：火柴人式简化，棍状身体四肢，圆点或小圆头部，无五官细节。3-5位猎人追逐1只鹿，侧面剪影轮廓。猎人动态奔跑姿态：棍状腿大跨步，棍状手臂伸展，一手持长矛（简单直线加尖头），身体前倾追逐。鹿极简造型：棍状细腿奔跑，椭圆或弧线身体，细长颈部，小圆头，简单分叉线条鹿角，四腿伸展逃窜姿态。所有形象用单一颜色绘制：深褐色、红褐色、赭石色、或黑色，类似天然矿物颜料。线条粗糙不规则，手绘原始感，边缘毛糙。无阴影无光影，纯平面轮廓。简化背景：可选地平线（单一横线），稀疏简化植物（几根竖线或简单树形线条），或完全空白石壁。动态构图从左到右或对角线追逐方向。色彩极简：石壁浅色底（米黄赭石浅褐），图像深色（深褐红褐黑色），单色或双色绘制。原始粗犷，史前艺术感，叙事性简洁直接，生存狩猎主题。粗糙笔触矿物颜料感，边缘不平整，年代感斑驳可选（颜料剥落、石壁裂纹）。,qwen,,,completed,359a9997-58f4-441f-b03d-e743afe77150,5,图片风格类似于壁画，地面是暗砖红色，地面上没有影子，，所有人手上都没有拿火把，下方有三个原始火柴人正在从左往右追逐一头黑色鹿，三个火柴人的最右边那个人拿着一根矛，图片上方是一个山洞，有破碎的感觉，画面中央的背景是白色，上方是黑色，人物占据整个画面的下半部分，山洞的洞口挺大的，图片上方呈棕黑色，图片上方的山洞口只占一小部分，人物的体积很大！一共只有三个火柴人！,50,revisions/rev_656e26c4-e4e1-452b-8fe2-b8b1d3ff3ea9_5.jpg,revision,qwen,68.0,0.8519,0.1788,0.0999,,0.6684220716838298,False,False,2025-11-21T07:14:46,,,,,,,
9e93614a-d00a-4c01-ae3e-f0794c1a7714,test010,active,2025-11-21T06:31:43.280283,,656e26c4-e4e1-452b-8fe2-b8b1d3ff3ea9,1,15,tgt_0015.jpg,9e6a0c5ed31e8c4ac437ccd40a9c2c3b428dcac648db6ee52ef3264ef00641f8,洞穴壁画风格，新原始主义。粗糙岩石墙面纹理，米黄色、赭石色、浅褐色石壁背景。极简人物造型：火柴人式简化，棍状身体四肢，圆点或小圆头部，无五官细节。3-5位猎人追逐1只鹿，侧面剪影轮廓。猎人动态奔跑姿态：棍状腿大跨步，棍状手臂伸展，一手持长矛（简单直线加尖头），身体前倾追逐。鹿极简造型：棍状细腿奔跑，椭圆或弧线身体，细长颈部，小圆头，简单分叉线条鹿角，四腿伸展逃窜姿态。所有形象用单一颜色绘制：深褐色、红褐色、赭石色、或黑色，类似天然矿物颜料。线条粗糙不规则，手绘原始感，边缘毛糙。无阴影无光影，纯平面轮廓。简化背景：可选地平线（单一横线），稀疏简化植物（几根竖线或简单树形线条），或完全空白石壁。动态构图从左到右或对角线追逐方向。色彩极简：石壁浅色底（米黄赭石浅褐），图像深色（深褐红褐黑色），单色或双色绘制。原始粗犷，史前艺术感，叙事性简洁直接，生存狩猎主题。粗糙笔触矿物颜料感，边缘不平整，年代感斑驳可选（颜料剥落、石壁裂纹）。,qwen,,,completed,14db7325-0c88-4b59-8b1c-3208856f80d2,6,图片风格类似于壁画，地面是暗砖红色，地面上没有影子，，所有人手上都没有拿火把，下方有三个原始火柴人正在从左往右追逐一头黑色鹿，三个火柴人的最右边那个人拿着一根矛，图片上方是一个山洞，有破碎的感觉，画面中央的背景是白色，上方是黑色，人物占据整个画面的下半部分，山洞的洞口挺大的，图片上方呈棕黑色，图片上方的山洞口只占一小部分，人物的体积很大！一共只有三个火柴人！人物的体积要占满图片的下方！很大！山洞上方体积很小！,31,revisions/rev_656e26c4-e4e1-452b-8fe2-b8b1d3ff3ea9_6.jpg,revision,qwen,64.0,0.8458,0.1826,0.0967,,0.6626651995941983,False,False,2025-11-21T07:22:01,,,,,,,
9e93614a-d00a-4c01-ae3e-f0794c1a7714,test010,active,2025-11-21T06:31:43.280283,,656e26c4-e4e1-452b-8fe2-b8b1d3ff3ea9,1,15,tgt_0015.jpg,9e6a0c5ed31e8c4ac437ccd40a9c2c3b428dcac648db6ee52ef3264ef00641f8,洞穴壁画风格，新原始主义。粗糙岩石墙面纹理，米黄色、赭石色、浅褐色石壁背景。极简人物造型：火柴人式简化，棍状身体四肢，圆点或小圆头部，无五官细节。3-5位猎人追逐1只鹿，侧面剪影轮廓。猎人动态奔跑姿态：棍状腿大跨步，棍状手臂伸展，一手持长矛（简单直线加尖头），身体前倾追逐。鹿极简造型：棍状细腿奔跑，椭圆或弧线身体，细长颈部，小圆头，简单分叉线条鹿角，四腿伸展逃窜姿态。所有形象用单一颜色绘制：深褐色、红褐色、赭石色、或黑色，类似天然矿物颜料。线条粗糙不规则，手绘原始感，边缘毛糙。无阴影无光影，纯平面轮廓。简化背景：可选地平线（单一横线），稀疏简化植物（几根竖线或简单树形线条），或完全空白石壁。动态构图从左到右或对角线追逐方向。色彩极简：石壁浅色底（米黄赭石浅褐），图像深色（深褐红褐黑色），单色或双色绘制。原始粗犷，史前艺术感，叙事性简洁直接，生存狩猎主题。粗糙笔触矿物颜料感，边缘不平整，年代感斑驳可选（颜料剥落、石壁裂纹）。,qwen,,,completed,1b5632ed-ae63-41a8-b7d9-d274951c987d,7,图片风格类似于壁画，地面是暗砖红色，地面上没有影子，三个火柴人的最右边那个人拿着一根矛在追赶一头黑色的鹿，图片上方是一个山洞，有破碎的感觉，画面中央的背景是白色，上方是黑色，人物占据整个画面的下半部分，图片上方呈棕黑色，图片上方的山洞口只占一小部分，人物的体积很大！一共只有三个火柴人！人物的体积要占满图片的下方！很大！山洞上方体积很小！,48,revisions/rev_656e26c4-e4e1-452b-8fe2-b8b1d3ff3ea9_7.jpg,revision,qwen,66.0,0.8623,0.1618,0.0941,,0.673817515238317,False,False,2025-11-21T07:26:49,58eebb24-41b0-4532-837b-c85a9837a1e6,6.0,6.0,7.0,6.0,无,2025-11-21T07:27:55.017797
9e93614a-d00a-4c01-ae3e-f0794c1a7714,test010,active,2025-11-21T06:31:43.280283,,656e26c4-e4e1-452b-8fe2-b8b1d3ff3ea9,1,15,tgt_0015.jpg,9e6a0c5ed31e8c4ac437ccd40a9c2c3b428dcac648db6ee52ef3264ef00641f8,洞穴壁画风格，新原始主义。粗糙岩石墙面纹理，米黄色、赭石色、浅褐色石壁背景。极简人物造型：火柴人式简化，棍状身体四肢，圆点或小圆头部，无五官细节。3-5位猎人追逐1只鹿，侧面剪影轮廓。猎人动态奔跑姿态：棍状腿大跨步，棍状手臂伸展，一手持长矛（简单直线加尖头），身体前倾追逐。鹿极简造型：棍状细腿奔跑，椭圆或弧线身体，细长颈部，小圆头，简单分叉线条鹿角，四腿伸展逃窜姿态。所有形象用单一颜色绘制：深褐色、红褐色、赭石色、或黑色，类似天然矿物颜料。线条粗糙不规则，手绘原始感，边缘毛糙。无阴影无光影，纯平面轮廓。简化背景：可选地平线（单一横线），稀疏简化植物（几根竖线或简单树形线条），或完全空白石壁。动态构图从左到右或对角线追逐方向。色彩极简：石壁浅色底（米黄赭石浅褐），图像深色（深褐红褐黑色），单色或双色绘制。原始粗犷，史前艺术感，叙事性简洁直接，生存狩猎主题。粗糙笔触矿物颜料感，边缘不平整，年代感斑驳可选（颜料剥落、石壁裂纹）。,qwen,,,completed,0938fdfe-1906-4697-ae53-6cf6521fc653,8,图片风格类似于壁画，地面是暗砖红色，地面上没有影子，三个火柴人的最右边那个人拿着一根矛在追赶一头黑色的鹿，图片上方是一个山洞，有破碎的感觉，画面中央的背景是白色，上方是黑色，人物占据整个画面的下半部分，图片上方呈棕黑色，图片上方的山洞口只占一小部分，人物的体积很大！一共只有三个火柴人！人物的体积要占满图片的下方！很大！山洞上方体积很小！背景是米色的,43,revisions/rev_656e26c4-e4e1-452b-8fe2-b8b1d3ff3ea9_8.jpg,revision,qwen,70.0,0.8512,0.1667,0.0895,,0.6630563953693993,False,False,2025-11-21T07:28:48,,,,,,,
9e93614a-d00a-4c01-ae3e-f0794c1a7714,test010,active,2025-11-21T06:31:43.280283,,1b75b075-8a2a-4172-a14f-daae2ea16b74,3,4,tgt_0004.jpg,d6ec74ac4268fb2b3de91118f53875ff4b9402d2e9ac880a7c760712fe745448,中国传统国画风格，工笔写意结合。俯视角度透过清澈海水看向海湾底部。淡青色晶莹水体，花青色层层晕染，细腻水波纹理，透明感强。海底有一堆海胆，5-10只，圆球形密集棘刺，墨黑色，细笔工笔勾勒棘刺。周围有多株珊瑚，分枝状和团块状，朱砂红、藤黄、石青色彩，没骨法或勾勒填色。海底浅褐色细沙或礁石，淡墨皴擦。冷暖色对比，清雅静谧意境，适度留白。,qwen,,,completed,c011bb38-e993-423e-a8c7-37c6737b0403,1,中国画画风，展现的海底世界，图片上方百分之八十是海，下方百分之二十是海底沙滩，图片中下方有一圈共七个海胆，图片左边有红色珊瑚，右边有四五片红色和黄色珊瑚,120,generations/gen_tgt_0004.jpg,initial,qwen,72.0,0.8829,0.3578,0.1963,,0.7590654209011172,False,False,2025-11-21T06:42:47,57f752d1-e870-411a-9c61-e75a6af80209,6.0,7.0,7.0,6.0,无,2025-11-21T07:03:44.395573
9e93614a-d00a-4c01-ae3e-f0794c1a7714,test010,active,2025-11-21T06:31:43.280283,,1b75b075-8a2a-4172-a14f-daae2ea16b74,3,4,tgt_0004.jpg,d6ec74ac4268fb2b3de91118f53875ff4b9402d2e9ac880a7c760712fe745448,中国传统国画风格，工笔写意结合。俯视角度透过清澈海水看向海湾底部。淡青色晶莹水体，花青色层层晕染，细腻水波纹理，透明感强。海底有一堆海胆，5-10只，圆球形密集棘刺，墨黑色，细笔工笔勾勒棘刺。周围有多株珊瑚，分枝状和团块状，朱砂红、藤黄、石青色彩，没骨法或勾勒填色。海底浅褐色细沙或礁石，淡墨皴擦。冷暖色对比，清雅静谧意境，适度留白。,qwen,,,completed,45340568-4b4f-4201-b203-930848dcced8,2,中国画画风，展现的海底世界，图片上方百分之八十是海，下方百分之二十是海底沙滩，图片中下方有一圈共七个海胆（海胆全是黑色，六个海胆围着中间一个海胆），图片左边有红色珊瑚，右边有一共四片红色或黄色珊瑚,93,revisions/rev_1b75b075-8a2a-4172-a14f-daae2ea16b74_2.jpg,revision,qwen,80.0,0.9392,0.3628,0.1952,,0.8168293335747439,False,False,2025-11-21T07:05:34,,,,,,,
9e93614a-d00a-4c01-ae3e-f0794c1a7714,test010,active,2025-11-21T06:31:43.280283,,1b75b075-8a2a-4172-a14f-daae2ea16b74,3,4,tgt_0004.jpg,d6ec74ac4268fb2b3de91118f53875ff4b9402d2e9ac880a7c760712fe745448,中国传统国画风格，工笔写意结合。俯视角度透过清澈海水看向海湾底部。淡青色晶莹水体，花青色层层晕染，细腻水波纹理，透明感强。海底有一堆海胆，5-10只，圆球形密集棘刺，墨黑色，细笔工笔勾勒棘刺。周围有多株珊瑚，分枝状和团块状，朱砂红、藤黄、石青色彩，没骨法或勾勒填色。海底浅褐色细沙或礁石，淡墨皴擦。冷暖色对比，清雅静谧意境，适度留白。,qwen,,,completed,65b0a110-1983-4f2d-8437-8b6a8914eb74,3,中国画画风，展现的海底世界，图片上方百分之八十是海，下方百分之二十是海底沙滩，图片中下方有一圈共七个海胆（海胆全是黑色，六个海胆围着中间一个海胆，排的紧凑），图片左边有红色珊瑚，右边有一共四片红色或黄色珊瑚,16,revisions/rev_1b75b075-8a2a-4172-a14f-daae2ea16b74_3.jpg,revision,qwen,82.0,0.9427,0.3738,0.1869,,0.8216456512560285,False,False,2025-11-21T07:18:08,,,,,,,
9e93614a-d00a-4c01-ae3e-f0794c1a7714,test010,active,2025-11-21T06:31:43.280283,,1b75b075-8a2a-4172-a14f-daae2ea16b74,3,4,tgt_0004.jpg,d6ec74ac4268fb2b3de91118f53875ff4b9402d2e9ac880a7c760712fe745448,中国传统国画风格，工笔写意结合。俯视角度透过清澈海水看向海湾底部。淡青色晶莹水体，花青色层层晕染，细腻水波纹理，透明感强。海底有一堆海胆，5-10只，圆球形密集棘刺，墨黑色，细笔工笔勾勒棘刺。周围有多株珊瑚，分枝状和团块状，朱砂红、藤黄、石青色彩，没骨法或勾勒填色。海底浅褐色细沙或礁石，淡墨皴擦。冷暖色对比，清雅静谧意境，适度留白。,qwen,,,completed,b7ee1f5d-d049-417b-bea3-a01ece07aefb,4,中国画画风，展现的海底世界，图片上方百分之八十是海，下方百分之二十是海底沙滩，图片中下方有一圈共七个海胆（海胆全是黑色，六个海胆围着中间一个海胆，排的紧凑），图片左边有红色珊瑚，右边有一共四片红色或黄色珊瑚,0,revisions/rev_1b75b075-8a2a-4172-a14f-daae2ea16b74_4.jpg,revision,qwen,89.0,0.9427,0.3738,0.1869,,0.8216456512560285,True,True,2025-11-21T07:18:28,,,,,,,
9e93614a-d00a-4c01-ae3e-f0794c1a7714,test010,active,2025-11-21T06:31:43.280283,,ea8c88ee-11dd-4e39-ac84-c1a82039c910,4,12,tgt_0012.jpg,7af0543cfa2fd77c8598c9d8132ef7bfba06b3fe2af6bc8b43931a6fc5461f16,写实风格，自然摄影。黑色蜘蛛在树枝上织网，斜侧面视角。蛛网占画面40-60%，清晰放射状圆网结构。黑色蜘蛛：黑褐色，头胸部椭圆形，腹部圆润膨大，光滑甲壳有微弱光泽，或覆盖细密绒毛。八条腿细长，7个节段清晰，黑色，关节处略浅，末端爪钩抓握丝线。8只黑色眼睛。螯肢和须肢清晰可见。姿态：中心位置展开等待。蛛网：半透明银白色丝线，密集螺旋线围绕，极细但清晰可见，光滑反光。螺旋线上规律分布透明粘液滴，反光明显。网完整规整或部分完成。树枝：木质枝干，深褐或灰褐色，Y形分叉，树皮纹理清晰，裂纹苔藓，表面粗糙。蛛丝固定锚点，丝线束缠绕树枝加固。背景自然虚化：绿色树叶色块，其他枝条虚化，天空光斑，森林环境暗示。自然光照明：侧光立体感，丝线明亮。清晨光线，柔和金色。背景圆形光斑。色彩：蜘蛛纯黑或深黑褐，蛛网半透明白银白，树枝深褐灰褐，背景深绿黄绿。自然饱和度，准确白平衡。焦点在蜘蛛，清晰细节，背景渐进虚化。高清晰度，微观纹理真实，绒毛清晰，丝线细腻，树皮粗糙。自然宁静氛围，微观世界，纪录片式真实感。,qwen,,,completed,89556a42-2289-4e37-8d6d-9eb236d23cda,1,图片整体呈清新的绿色，一个“Y”字型的树枝，上方有一直蜘蛛附在一张完整的蜘蛛网上，蜘蛛从上往下，八只腿的末端呈黑色黄色交替状态,93,generations/gen_tgt_0012.jpg,initial,qwen,60.0,0.8619,0.2233,0.1385,,0.6956966728709513,False,False,2025-11-21T06:44:28,6317b7e6-bc49-480d-9c52-9aa53c0b6612,6.0,7.0,7.0,5.0,无,2025-11-21T07:06:20.806080
9e93614a-d00a-4c01-ae3e-f0794c1a7714,test010,active,2025-11-21T06:31:43.280283,,ea8c88ee-11dd-4e39-ac84-c1a82039c910,4,12,tgt_0012.jpg,7af0543cfa2fd77c8598c9d8132ef7bfba06b3fe2af6bc8b43931a6fc5461f16,写实风格，自然摄影。黑色蜘蛛在树枝上织网，斜侧面视角。蛛网占画面40-60%，清晰放射状圆网结构。黑色蜘蛛：黑褐色，头胸部椭圆形，腹部圆润膨大，光滑甲壳有微弱光泽，或覆盖细密绒毛。八条腿细长，7个节段清晰，黑色，关节处略浅，末端爪钩抓握丝线。8只黑色眼睛。螯肢和须肢清晰可见。姿态：中心位置展开等待。蛛网：半透明银白色丝线，密集螺旋线围绕，极细但清晰可见，光滑反光。螺旋线上规律分布透明粘液滴，反光明显。网完整规整或部分完成。树枝：木质枝干，深褐或灰褐色，Y形分叉，树皮纹理清晰，裂纹苔藓，表面粗糙。蛛丝固定锚点，丝线束缠绕树枝加固。背景自然虚化：绿色树叶色块，其他枝条虚化，天空光斑，森林环境暗示。自然光照明：侧光立体感，丝线明亮。清晨光线，柔和金色。背景圆形光斑。色彩：蜘蛛纯黑或深黑褐，蛛网半透明白银白，树枝深褐灰褐，背景深绿黄绿。自然饱和度，准确白平衡。焦点在蜘蛛，清晰细节，背景渐进虚化。高清晰度，微观纹理真实，绒毛清晰，丝线细腻，树皮粗糙。自然宁静氛围，微观世界，纪录片式真实感。,qwen,,,completed,128f40eb-616b-44b2-9362-3a2acbd9d5ed,2,图片整体呈清新的绿色，一个“Y”字型的树枝，上方有一直蜘蛛附在一张完整的蜘蛛网上，蜘蛛从上往下，蜘蛛的中间那一圈呈现黑色，八只腿的末端呈黑色黄色交替状态，蜘蛛和树枝都很大，距离摄像头很近，蜘蛛的网是结在两个Y字树枝的中间的,77,revisions/rev_ea8c88ee-11dd-4e39-ac84-c1a82039c910_2.jpg,revision,qwen,64.0,0.8805,0.2814,0.1381,,0.7284610761513517,False,False,2025-11-21T07:07:52,,,,,,,
9e93614a-d00a-4c01-ae3e-f0794c1a7714,test010,active,2025-11-21T06:31:43.280283,,ea8c88ee-11dd-4e39-ac84-c1a82039c910,4,12,tgt_0012.jpg,7af0543cfa2fd77c8598c9d8132ef7bfba06b3fe2af6bc8b43931a6fc5461f16,写实风格，自然摄影。黑色蜘蛛在树枝上织网，斜侧面视角。蛛网占画面40-60%，清晰放射状圆网结构。黑色蜘蛛：黑褐色，头胸部椭圆形，腹部圆润膨大，光滑甲壳有微弱光泽，或覆盖细密绒毛。八条腿细长，7个节段清晰，黑色，关节处略浅，末端爪钩抓握丝线。8只黑色眼睛。螯肢和须肢清晰可见。姿态：中心位置展开等待。蛛网：半透明银白色丝线，密集螺旋线围绕，极细但清晰可见，光滑反光。螺旋线上规律分布透明粘液滴，反光明显。网完整规整或部分完成。树枝：木质枝干，深褐或灰褐色，Y形分叉，树皮纹理清晰，裂纹苔藓，表面粗糙。蛛丝固定锚点，丝线束缠绕树枝加固。背景自然虚化：绿色树叶色块，其他枝条虚化，天空光斑，森林环境暗示。自然光照明：侧光立体感，丝线明亮。清晨光线，柔和金色。背景圆形光斑。色彩：蜘蛛纯黑或深黑褐，蛛网半透明白银白，树枝深褐灰褐，背景深绿黄绿。自然饱和度，准确白平衡。焦点在蜘蛛，清晰细节，背景渐进虚化。高清晰度，微观纹理真实，绒毛清晰，丝线细腻，树皮粗糙。自然宁静氛围，微观世界，纪录片式真实感。,qwen,,,completed,2804beac-0540-4856-a7bd-775c5fafbaa6,3,图片整体呈清新的绿色，一个“Y”字型的树枝，上方有一直蜘蛛附在一张完整的蜘蛛网上，蜘蛛从上往下，蜘蛛的中间那一圈呈现黑色，八只腿的末端呈黑色黄色交替状态，蜘蛛和树枝都很大，距离摄像头很近，蜘蛛的网是结在两个Y字树枝的中间的，树枝还要再下来一点,18,revisions/rev_ea8c88ee-11dd-4e39-ac84-c1a82039c910_3.jpg,revision,qwen,64.0,0.8806,0.2696,0.135,,0.725186124228475,False,False,2025-11-21T07:19:02,,,,,,,
9e93614a-d00a-4c01-ae3e-f0794c1a7714,test010,active,2025-11-21T06:31:43.280283,,ea8c88ee-11dd-4e39-ac84-c1a82039c910,4,12,tgt_0012.jpg,7af0543cfa2fd77c8598c9d8132ef7bfba06b3fe2af6bc8b43931a6fc5461f16,写实风格，自然摄影。黑色蜘蛛在树枝上织网，斜侧面视角。蛛网占画面40-60%，清晰放射状圆网结构。黑色蜘蛛：黑褐色，头胸部椭圆形，腹部圆润膨大，光滑甲壳有微弱光泽，或覆盖细密绒毛。八条腿细长，7个节段清晰，黑色，关节处略浅，末端爪钩抓握丝线。8只黑色眼睛。螯肢和须肢清晰可见。姿态：中心位置展开等待。蛛网：半透明银白色丝线，密集螺旋线围绕，极细但清晰可见，光滑反光。螺旋线上规律分布透明粘液滴，反光明显。网完整规整或部分完成。树枝：木质枝干，深褐或灰褐色，Y形分叉，树皮纹理清晰，裂纹苔藓，表面粗糙。蛛丝固定锚点，丝线束缠绕树枝加固。背景自然虚化：绿色树叶色块，其他枝条虚化，天空光斑，森林环境暗示。自然光照明：侧光立体感，丝线明亮。清晨光线，柔和金色。背景圆形光斑。色彩：蜘蛛纯黑或深黑褐，蛛网半透明白银白，树枝深褐灰褐，背景深绿黄绿。自然饱和度，准确白平衡。焦点在蜘蛛，清晰细节，背景渐进虚化。高清晰度，微观纹理真实，绒毛清晰，丝线细腻，树皮粗糙。自然宁静氛围，微观世界，纪录片式真实感。,qwen,,,completed,9bd86b8c-9ebe-49c4-8d7a-e04e095edfa2,4,图片整体呈清新的绿色，一个“Y”字型的树枝，上方有一直蜘蛛附在一张完整的蜘蛛网上，蜘蛛从上往下，蜘蛛的中间那一圈呈现黑色，八只腿的末端呈黑色黄色交替状态，蜘蛛和树枝都很大，距离摄像头很近，蜘蛛的网是结在两个Y字树枝的中间的，树枝的位置还要下来一点，Y字的中心在图片最下方,48,revisions/rev_ea8c88ee-11dd-4e39-ac84-c1a82039c910_4.jpg,revision,qwen,65.0,0.8838,0.2749,0.1405,,0.7306088911138873,False,False,2025-11-21T07:22:57,,,,,,,
9e93614a-d00a-4c01-ae3e-f0794c1a7714,test010,active,2025-11-21T06:31:43.280283,,ea8c88ee-11dd-4e39-ac84-c1a82039c910,4,12,tgt_0012.jpg,7af0543cfa2fd77c8598c9d8132ef7bfba06b3fe2af6bc8b43931a6fc5461f16,写实风格，自然摄影。黑色蜘蛛在树枝上织网，斜侧面视角。蛛网占画面40-60%，清晰放射状圆网结构。黑色蜘蛛：黑褐色，头胸部椭圆形，腹部圆润膨大，光滑甲壳有微弱光泽，或覆盖细密绒毛。八条腿细长，7个节段清晰，黑色，关节处略浅，末端爪钩抓握丝线。8只黑色眼睛。螯肢和须肢清晰可见。姿态：中心位置展开等待。蛛网：半透明银白色丝线，密集螺旋线围绕，极细但清晰可见，光滑反光。螺旋线上规律分布透明粘液滴，反光明显。网完整规整或部分完成。树枝：木质枝干，深褐或灰褐色，Y形分叉，树皮纹理清晰，裂纹苔藓，表面粗糙。蛛丝固定锚点，丝线束缠绕树枝加固。背景自然虚化：绿色树叶色块，其他枝条虚化，天空光斑，森林环境暗示。自然光照明：侧光立体感，丝线明亮。清晨光线，柔和金色。背景圆形光斑。色彩：蜘蛛纯黑或深黑褐，蛛网半透明白银白，树枝深褐灰褐，背景深绿黄绿。自然饱和度，准确白平衡。焦点在蜘蛛，清晰细节，背景渐进虚化。高清晰度，微观纹理真实，绒毛清晰，丝线细腻，树皮粗糙。自然宁静氛围，微观世界，纪录片式真实感。,qwen,,,completed,08de7842-a7d5-4df2-b2f7-756950f9bdd2,5,图片整体呈清新的绿色，一个“Y”字型的树枝，上方有一直蜘蛛附在一张完整的蜘蛛网上，蜘蛛从上往下，蜘蛛的中间那一圈呈现黑色，八只腿的末端呈黑色黄色交替状态，蜘蛛和树枝都很大，距离摄像头很近，蜘蛛的网是结在两个Y字树枝的中间的，树枝的位置还要下来一点！Y字的中心在图片最下方！,12,revisions/rev_ea8c88ee-11dd-4e39-ac84-c1a82039c910_5.jpg,revision,qwen,63.0,0.8795,0.2758,0.1338,,0.7253817374869176,False,False,2025-11-21T07:24:15,,,,,,,
9e93614a-d00a-4c01-ae3e-f0794c1a7714,test010,active,2025-11-21T06:31:43.280283,,ea8c88ee-11dd-4e39-ac84-c1a82039c910,4,12,tgt_0012.jpg,7af0543cfa2fd77c8598c9d8132ef7bfba06b3fe2af6bc8b43931a6fc5461f16,写实风格，自然摄影。黑色蜘蛛在树枝上织网，斜侧面视角。蛛网占画面40-60%，清晰放射状圆网结构。黑色蜘蛛：黑褐色，头胸部椭圆形，腹部圆润膨大，光滑甲壳有微弱光泽，或覆盖细密绒毛。八条腿细长，7个节段清晰，黑色，关节处略浅，末端爪钩抓握丝线。8只黑色眼睛。螯肢和须肢清晰可见。姿态：中心位置展开等待。蛛网：半透明银白色丝线，密集螺旋线围绕，极细但清晰可见，光滑反光。螺旋线上规律分布透明粘液滴，反光明显。网完整规整或部分完成。树枝：木质枝干，深褐或灰褐色，Y形分叉，树皮纹理清晰，裂纹苔藓，表面粗糙。蛛丝固定锚点，丝线束缠绕树枝加固。背景自然虚化：绿色树叶色块，其他枝条虚化，天空光斑，森林环境暗示。自然光照明：侧光立体感，丝线明亮。清晨光线，柔和金色。背景圆形光斑。色彩：蜘蛛纯黑或深黑褐，蛛网半透明白银白，树枝深褐灰褐，背景深绿黄绿。自然饱和度，准确白平衡。焦点在蜘蛛，清晰细节，背景渐进虚化。高清晰度，微观纹理真实，绒毛清晰，丝线细腻，树皮粗糙。自然宁静氛围，微观世界，纪录片式真实感。,qwen,,,completed,e4774868-b614-4612-963d-67b4d4998423,6,图片整体呈清新的绿色，一个“V”字型的树枝，上方有一直蜘蛛附在一张完整的蜘蛛网上，蜘蛛从上往下，蜘蛛的中间那一圈呈现黑色，八只腿的末端呈黑色黄色交替状态，蜘蛛和树枝都很大，距离摄像头很近，蜘蛛的网是结在两个Y字树枝的中间的，树枝的位置还要下来一点！V字的中心在图片最下方！,9,revisions/rev_ea8c88ee-11dd-4e39-ac84-c1a82039c910_6.jpg,revision,qwen,84.0,0.8926,0.3078,0.1447,,0.7481511456602463,True,True,2025-11-21T07:25:15,,,,,,,
9e93614a-d00a-4c01-ae3e-f0794c1a7714,test010,active,2025-11-21T06:31:43.280283,,36521b6e-2331-437e-a68d-113e86f3ac6d,5,20,tgt_0020.jpg,1f5e0d9c3bb5169027a225f70d0d02dfa787b4356a56f67cf08d6facc9bf9d8e,真实照片风格，热带海滩场景。椰子树很高，粗糙褐色树干，顶部羽状深绿色椰子叶片扇形展开，树上挂着绿色或棕色椰子果实。树下或沙滩上有椰子蟹，体型大，蓝紫色外壳，粗壮蟹腿和大螯钳，攀爬树干觅食。金黄色细沙滩，背景蓝绿海水和蓝天。自然日光，顶光，树影投射沙滩。暖色调热带氛围。远景景深，椰树和螃蟹清晰，背景虚化。热带海岛自然生态感。,qwen,,,completed,79273c2c-43f6-427a-8304-f651775b17b1,1,背景是晴朗海边沙滩，图片正中央有一个大椰子树，椰子树上左边有三个绿色椰子，右边上方一个绿色椰子，下方一个棕色椰子，椰子树下一只大螃蟹正在往上爬，螃蟹是紫色的,175,generations/gen_tgt_0020.jpg,initial,qwen,73.0,0.7478,0.1354,0.1188,,0.5561336149936272,False,False,2025-11-21T06:50:22,,,,,,,
9e93614a-d00a-4c01-ae3e-f0794c1a7714,test010,active,2025-11-21T06:31:43.280283,,36521b6e-2331-437e-a68d-113e86f3ac6d,5,20,tgt_0020.jpg,1f5e0d9c3bb5169027a225f70d0d02dfa787b4356a56f67cf08d6facc9bf9d8e,真实照片风格，热带海滩场景。椰子树很高，粗糙褐色树干，顶部羽状深绿色椰子叶片扇形展开，树上挂着绿色或棕色椰子果实。树下或沙滩上有椰子蟹，体型大，蓝紫色外壳，粗壮蟹腿和大螯钳，攀爬树干觅食。金黄色细沙滩，背景蓝绿海水和蓝天。自然日光，顶光，树影投射沙滩。暖色调热带氛围。远景景深，椰树和螃蟹清晰，背景虚化。热带海岛自然生态感。,qwen,,,completed,e625ab09-72a0-4b14-a33a-a9d3279a230f,2,不是太卡通风格，偏现实、写实风格，背景是晴朗海边沙滩，图片正中央有一个大椰子树，椰子树上左边有三个绿色椰子，右边上方一个绿色椰子，下方一个棕色椰子，椰子树下一只大螃蟹正在往上爬，螃蟹是紫色的,40,revisions/rev_36521b6e-2331-437e-a68d-113e86f3ac6d_2.jpg,revision,qwen,100.0,0.8886,0.3696,0.2032,,0.7688159091869039,True,True,2025-11-21T07:10:45,,,,,,,
9e93614a-d00a-4c01-ae3e-f0794c1a7714,test010,active,2025-11-21T06:31:43.280283,,df21ed3f-8408-4bf0-828a-456e6646e145,6,11,tgt_0011.jpg,81e34243a29bbcbf3b601f8b38642c1463aaf4fee83a3344395b9a6b3d141e89,lo-fi舒适风，温馨治愈氛围。咖啡馆室内夜景，斜侧面视角。女生坐在窗边角落软椅上看书，放松慵懒姿态：侧坐托腮在椅子上。红色围巾围绕脖颈，针织羊毛质感，酒红色，一端垂落胸前，柔软褶皱流苏边。驼色针织毛衣，舒适版型。长发披肩自然随意，棕色或栗色。面部表情专注平静，沉浸阅读，眼神低垂看书。一手托书，另一手握陶瓷咖啡杯。书籍中等尺寸，简约封面。桌上咖啡杯有拉花和蒸汽，木质桌面浅棕色纹理，有小点心。软垫椅子或复古沙发，棕色驼色，柔软靠垫。咖啡馆暖光照明：复古吊灯、台灯、壁灯，暖黄色光，柔和扩散无刺眼，光晕效果。墙面米色奶油色，挂画书架装饰。背景虚化：其他座位、吧台、书架。窗户中大型，窗外深蓝或黑色夜景，远处街灯光点散焦，室内灯光在玻璃上倒影，可选雨滴。色彩：暖色系主调，米色奶油浅棕驼色焦糖色，红色围巾视觉焦点，咖啡深褐，窗外深蓝黑色冷色对比。中低饱和柔和，中等明亮温暖。柔和光影无硬阴影，暖色光晕，景深前景清晰背景柔化，轻微柔焦。织物柔软质感，木纹理，咖啡液面反光。宁静安逸温暖治愈，幸福感。,qwen,,,completed,4ae4b6cc-104b-4b46-894d-c0b67b7ac21d,1,一个穿着棕色毛衣、带着红色围巾的美女坐在一家咖啡店的窗边看书，桌上有一杯拿铁和一个小蛋糕和一个台灯，咖啡店很温馨，窗外是下雨的傍晚街道模糊的场景,93,generations/gen_tgt_0011.jpg,initial,qwen,93.0,0.8655,0.5162,0.0955,,0.7632050895766569,False,False,2025-11-21T06:52:03,6f57d556-3844-4b68-89c0-144bfb58610d,7.0,7.0,3.0,7.0,无,2025-11-21T07:11:33.800103
9e93614a-d00a-4c01-ae3e-f0794c1a7714,test010,active,2025-11-21T06:31:43.280283,,df21ed3f-8408-4bf0-828a-456e6646e145,6,11,tgt_0011.jpg,81e34243a29bbcbf3b601f8b38642c1463aaf4fee83a3344395b9a6b3d141e89,lo-fi舒适风，温馨治愈氛围。咖啡馆室内夜景，斜侧面视角。女生坐在窗边角落软椅上看书，放松慵懒姿态：侧坐托腮在椅子上。红色围巾围绕脖颈，针织羊毛质感，酒红色，一端垂落胸前，柔软褶皱流苏边。驼色针织毛衣，舒适版型。长发披肩自然随意，棕色或栗色。面部表情专注平静，沉浸阅读，眼神低垂看书。一手托书，另一手握陶瓷咖啡杯。书籍中等尺寸，简约封面。桌上咖啡杯有拉花和蒸汽，木质桌面浅棕色纹理，有小点心。软垫椅子或复古沙发，棕色驼色，柔软靠垫。咖啡馆暖光照明：复古吊灯、台灯、壁灯，暖黄色光，柔和扩散无刺眼，光晕效果。墙面米色奶油色，挂画书架装饰。背景虚化：其他座位、吧台、书架。窗户中大型，窗外深蓝或黑色夜景，远处街灯光点散焦，室内灯光在玻璃上倒影，可选雨滴。色彩：暖色系主调，米色奶油浅棕驼色焦糖色，红色围巾视觉焦点，咖啡深褐，窗外深蓝黑色冷色对比。中低饱和柔和，中等明亮温暖。柔和光影无硬阴影，暖色光晕，景深前景清晰背景柔化，轻微柔焦。织物柔软质感，木纹理，咖啡液面反光。宁静安逸温暖治愈，幸福感。,qwen,,,completed,21c6d7ff-3510-4371-9d30-b408b62e0758,2,一个穿着棕色毛衣、带着红色围巾的美女坐在一家咖啡店的窗边看书，桌上有一杯拿铁和一个小蛋糕和一个台灯，咖啡店很温馨，窗外是下雨的傍晚街道模糊的场景,32,revisions/rev_df21ed3f-8408-4bf0-828a-456e6646e145_2.jpg,revision,qwen,92.0,0.8651,0.5167,0.1009,,0.7638196494401935,False,False,2025-11-21T07:11:45,,,,,,,
9e93614a-d00a-4c01-ae3e-f0794c1a7714,test010,active,2025-11-21T06:31:43.280283,,df21ed3f-8408-4bf0-828a-456e6646e145,6,11,tgt_0011.jpg,81e34243a29bbcbf3b601f8b38642c1463aaf4fee83a3344395b9a6b3d141e89,lo-fi舒适风，温馨治愈氛围。咖啡馆室内夜景，斜侧面视角。女生坐在窗边角落软椅上看书，放松慵懒姿态：侧坐托腮在椅子上。红色围巾围绕脖颈，针织羊毛质感，酒红色，一端垂落胸前，柔软褶皱流苏边。驼色针织毛衣，舒适版型。长发披肩自然随意，棕色或栗色。面部表情专注平静，沉浸阅读，眼神低垂看书。一手托书，另一手握陶瓷咖啡杯。书籍中等尺寸，简约封面。桌上咖啡杯有拉花和蒸汽，木质桌面浅棕色纹理，有小点心。软垫椅子或复古沙发，棕色驼色，柔软靠垫。咖啡馆暖光照明：复古吊灯、台灯、壁灯，暖黄色光，柔和扩散无刺眼，光晕效果。墙面米色奶油色，挂画书架装饰。背景虚化：其他座位、吧台、书架。窗户中大型，窗外深蓝或黑色夜景，远处街灯光点散焦，室内灯光在玻璃上倒影，可选雨滴。色彩：暖色系主调，米色奶油浅棕驼色焦糖色，红色围巾视觉焦点，咖啡深褐，窗外深蓝黑色冷色对比。中低饱和柔和，中等明亮温暖。柔和光影无硬阴影，暖色光晕，景深前景清晰背景柔化，轻微柔焦。织物柔软质感，木纹理，咖啡液面反光。宁静安逸温暖治愈，幸福感。,qwen,,,completed,153e0362-0d97-4acf-b01c-0d6c1253a321,3,一个穿着棕色毛衣、带着红色围巾的美女坐在一家咖啡店的窗边看书，人物朝向是从左向右，桌上有一杯拿铁和一个小蛋糕和一个台灯，咖啡店很温馨，窗外是下雨的傍晚街道模糊的场景,14,revisions/rev_df21ed3f-8408-4bf0-828a-456e6646e145_3.jpg,revision,qwen,94.0,0.919,0.5056,0.0852,,0.8128376970922673,False,False,2025-11-21T07:16:37,,,,,,,
9e93614a-d00a-4c01-ae3e-f0794c1a7714,test010,active,2025-11-21T06:31:43.280283,,df21ed3f-8408-4bf0-828a-456e6646e145,6,11,tgt_0011.jpg,81e34243a29bbcbf3b601f8b38642c1463aaf4fee83a3344395b9a6b3d141e89,lo-fi舒适风，温馨治愈氛围。咖啡馆室内夜景，斜侧面视角。女生坐在窗边角落软椅上看书，放松慵懒姿态：侧坐托腮在椅子上。红色围巾围绕脖颈，针织羊毛质感，酒红色，一端垂落胸前，柔软褶皱流苏边。驼色针织毛衣，舒适版型。长发披肩自然随意，棕色或栗色。面部表情专注平静，沉浸阅读，眼神低垂看书。一手托书，另一手握陶瓷咖啡杯。书籍中等尺寸，简约封面。桌上咖啡杯有拉花和蒸汽，木质桌面浅棕色纹理，有小点心。软垫椅子或复古沙发，棕色驼色，柔软靠垫。咖啡馆暖光照明：复古吊灯、台灯、壁灯，暖黄色光，柔和扩散无刺眼，光晕效果。墙面米色奶油色，挂画书架装饰。背景虚化：其他座位、吧台、书架。窗户中大型，窗外深蓝或黑色夜景，远处街灯光点散焦，室内灯光在玻璃上倒影，可选雨滴。色彩：暖色系主调，米色奶油浅棕驼色焦糖色，红色围巾视觉焦点，咖啡深褐，窗外深蓝黑色冷色对比。中低饱和柔和，中等明亮温暖。柔和光影无硬阴影，暖色光晕，景深前景清晰背景柔化，轻微柔焦。织物柔软质感，木纹理，咖啡液面反光。宁静安逸温暖治愈，幸福感。,qwen,,,completed,1c479f75-852c-4a84-bdd7-bc2e4c122e17,4,一个穿着棕色毛衣、带着红色围巾的美女坐在一家咖啡店的窗边看书，人物朝向是从左向右，桌上有一杯拿铁和一个小蛋糕和一个台灯，咖啡店很温馨，窗外是下雨的傍晚街道模糊的场景，桌子是独立的一张桌子,17,revisions/rev_df21ed3f-8408-4bf0-828a-456e6646e145_4.jpg,revision,qwen,97.0,0.9085,0.4888,0.0935,,0.7995610847632798,True,True,2025-11-21T07:19:41,,,,,,,
9e93614a-d00a-4c01-ae3e-f0794c1a7714,test010,active,2025-11-21T06:31:43.280283,,d8452eb7-957f-4723-967b-7e486b0fea57,7,3,tgt_0003.jpg,9409fd7867b5b53c727fe19d15dad029237123638553285069a6eef584809dca,低多边形艺术风格。画面四周环绕着摩天大楼，视角站在大楼围成的空地，从空地中心仰视角度，70-80度向上看。画面中央是黑夜天空，正中间有一架白色飞机水平飞过。参差不齐的高楼，玻璃幕墙反光，深灰色和银色调。地面是灰色混凝土空地，几何拼接纹理。正午明亮天光，建筑形成暗色剪影和锐利阴影。垂直构图。,qwen,,,completed,fc7a0f93-bd4e-4805-a938-e4b0c80fa0e1,1,一个人站在高楼的屋顶，四周是充满科技感的大楼，图片中间有一架白色飞机，整体画面呈黑白灰色,52,generations/gen_tgt_0003.jpg,initial,qwen,66.0,0.824,0.1067,0.0766,,0.6189571551645976,False,False,2025-11-21T06:53:00,8b6bc867-8eb2-45d3-a80d-80887d2271b3,7.0,7.0,6.0,5.0,无,2025-11-21T07:12:20.341784
9e93614a-d00a-4c01-ae3e-f0794c1a7714,test010,active,2025-11-21T06:31:43.280283,,d8452eb7-957f-4723-967b-7e486b0fea57,7,3,tgt_0003.jpg,9409fd7867b5b53c727fe19d15dad029237123638553285069a6eef584809dca,低多边形艺术风格。画面四周环绕着摩天大楼，视角站在大楼围成的空地，从空地中心仰视角度，70-80度向上看。画面中央是黑夜天空，正中间有一架白色飞机水平飞过。参差不齐的高楼，玻璃幕墙反光，深灰色和银色调。地面是灰色混凝土空地，几何拼接纹理。正午明亮天光，建筑形成暗色剪影和锐利阴影。垂直构图。,qwen,,,completed,601c458c-4dc4-41fc-bace-27bcfb719cf8,2,一个人站在高楼的顶楼阳台里面，四周是长方体的大楼，图片中间有一架白色飞机从左往右飞过，整体画面呈黑白灰色,37,revisions/rev_d8452eb7-957f-4723-967b-7e486b0fea57_2.jpg,revision,qwen,53.0,0.7401,0.1462,0.0627,,0.5416801705030128,False,False,2025-11-21T07:13:10,,,,,,,
9e93614a-d00a-4c01-ae3e-f0794c1a7714,test010,active,2025-11-21T06:31:43.280283,,d8452eb7-957f-4723-967b-7e486b0fea57,7,3,tgt_0003.jpg,9409fd7867b5b53c727fe19d15dad029237123638553285069a6eef584809dca,低多边形艺术风格。画面四周环绕着摩天大楼，视角站在大楼围成的空地，从空地中心仰视角度，70-80度向上看。画面中央是黑夜天空，正中间有一架白色飞机水平飞过。参差不齐的高楼，玻璃幕墙反光，深灰色和银色调。地面是灰色混凝土空地，几何拼接纹理。正午明亮天光，建筑形成暗色剪影和锐利阴影。垂直构图。,qwen,,,completed,880b4a64-23d0-44b2-ac36-4481e563b461,3,一个人站在高楼的顶楼，身边有围墙，四周是一栋栋长方体的大楼，图片中间有一架白色飞机从左往右飞过，整体画面呈黑白灰色,38,revisions/rev_d8452eb7-957f-4723-967b-7e486b0fea57_3.jpg,revision,qwen,79.0,0.7014,0.1014,0.0891,,0.4962016293818718,False,False,2025-11-21T07:17:32,,,,,,,
9e93614a-d00a-4c01-ae3e-f0794c1a7714,test010,active,2025-11-21T06:31:43.280283,,d8452eb7-957f-4723-967b-7e486b0fea57,7,3,tgt_0003.jpg,9409fd7867b5b53c727fe19d15dad029237123638553285069a6eef584809dca,低多边形艺术风格。画面四周环绕着摩天大楼，视角站在大楼围成的空地，从空地中心仰视角度，70-80度向上看。画面中央是黑夜天空，正中间有一架白色飞机水平飞过。参差不齐的高楼，玻璃幕墙反光，深灰色和银色调。地面是灰色混凝土空地，几何拼接纹理。正午明亮天光，建筑形成暗色剪影和锐利阴影。垂直构图。,qwen,,,completed,f6517dfe-1ceb-41fb-99f4-a521f2b2a792,4,一个人站在高楼的顶楼，身边有围墙，人物很小，比围墙矮，四周是一栋栋长方体像素风科技感的大楼，图片中间有一架小的白色飞机从左往右飞过，整体画面呈黑白灰色,34,revisions/rev_d8452eb7-957f-4723-967b-7e486b0fea57_4.jpg,revision,qwen,58.0,0.755,0.1164,0.0545,,0.5481083281516419,False,False,2025-11-21T07:20:46,,,,,,,
9e93614a-d00a-4c01-ae3e-f0794c1a7714,test010,active,2025-11-21T06:31:43.280283,,d8452eb7-957f-4723-967b-7e486b0fea57,7,3,tgt_0003.jpg,9409fd7867b5b53c727fe19d15dad029237123638553285069a6eef584809dca,低多边形艺术风格。画面四周环绕着摩天大楼，视角站在大楼围成的空地，从空地中心仰视角度，70-80度向上看。画面中央是黑夜天空，正中间有一架白色飞机水平飞过。参差不齐的高楼，玻璃幕墙反光，深灰色和银色调。地面是灰色混凝土空地，几何拼接纹理。正午明亮天光，建筑形成暗色剪影和锐利阴影。垂直构图。,qwen,,,completed,360b8a98-0b2c-4e2d-89a9-70c9334a2219,5,一个人站在高楼的顶楼，身边有围墙，人物很小，比围墙矮，四周是一栋栋长方体科技感的大楼，图片中间有一架小的白色飞机从左往右飞过，整体画面呈黑白灰色,10,revisions/rev_d8452eb7-957f-4723-967b-7e486b0fea57_5.jpg,revision,qwen,61.0,0.8408,0.1144,0.0799,,0.6383015208883895,False,False,2025-11-21T07:21:20,,,,,,,
9e93614a-d00a-4c01-ae3e-f0794c1a7714,test010,active,2025-11-21T06:31:43.280283,,d8452eb7-957f-4723-967b-7e486b0fea57,7,3,tgt_0003.jpg,9409fd7867b5b53c727fe19d15dad029237123638553285069a6eef584809dca,低多边形艺术风格。画面四周环绕着摩天大楼，视角站在大楼围成的空地，从空地中心仰视角度，70-80度向上看。画面中央是黑夜天空，正中间有一架白色飞机水平飞过。参差不齐的高楼，玻璃幕墙反光，深灰色和银色调。地面是灰色混凝土空地，几何拼接纹理。正午明亮天光，建筑形成暗色剪影和锐利阴影。垂直构图。,qwen,,,completed,bfa27822-50b8-4237-be55-b9a1905267e9,6,整体是仰视视角，一个人站在高楼的顶楼里面，身边有围墙，人物很小，比围墙矮，四周是一栋栋长方体科技感的大楼，图片中间有一架小的白色飞机从左往右飞过，整体画面呈黑白灰色,16,revisions/rev_d8452eb7-957f-4723-967b-7e486b0fea57_6.jpg,revision,qwen,69.0,0.8592,0.1017,0.0695,,0.6520376604105352,False,False,2025-11-21T07:23:54,,,,,,,
9e93614a-d00a-4c01-ae3e-f0794c1a7714,test010,active,2025-11-21T06:31:43.280283,,d8452eb7-957f-4723-967b-7e486b0fea57,7,3,tgt_0003.jpg,9409fd7867b5b53c727fe19d15dad029237123638553285069a6eef584809dca,低多边形艺术风格。画面四周环绕着摩天大楼，视角站在大楼围成的空地，从空地中心仰视角度，70-80度向上看。画面中央是黑夜天空，正中间有一架白色飞机水平飞过。参差不齐的高楼，玻璃幕墙反光，深灰色和银色调。地面是灰色混凝土空地，几何拼接纹理。正午明亮天光，建筑形成暗色剪影和锐利阴影。垂直构图。,qwen,,,completed,98fb7e75-ca02-436a-a7dd-ddd7c6d87a76,7,整体是60度仰视视角，，一个人站在高楼的顶楼里面，身边有围墙，人物很小，比围墙矮，四周是一栋栋长方体科技感的大楼，图片中间有一架小的白色飞机从左往右飞过，整体画面呈黑白灰色,17,revisions/rev_d8452eb7-957f-4723-967b-7e486b0fea57_7.jpg,revision,qwen,70.0,0.8795,0.1066,0.0676,,0.6733668980853129,False,False,2025-11-21T07:24:51,,,,,,,
9e93614a-d00a-4c01-ae3e-f0794c1a7714,test010,active,2025-11-21T06:31:43.280283,,d8452eb7-957f-4723-967b-7e486b0fea57,7,3,tgt_0003.jpg,9409fd7867b5b53c727fe19d15dad029237123638553285069a6eef584809dca,低多边形艺术风格。画面四周环绕着摩天大楼，视角站在大楼围成的空地，从空地中心仰视角度，70-80度向上看。画面中央是黑夜天空，正中间有一架白色飞机水平飞过。参差不齐的高楼，玻璃幕墙反光，深灰色和银色调。地面是灰色混凝土空地，几何拼接纹理。正午明亮天光，建筑形成暗色剪影和锐利阴影。垂直构图。,qwen,,,completed,92ca6ea8-3386-4403-91e7-81b73ae7b286,8,整体是60度仰视视角，一个人站在高楼的顶楼里面，身边有围墙，人物很小，比围墙矮，四周是倾斜的一栋栋长方体科技感的大楼，图片中间有一架小的白色飞机从左往右飞过，整体画面呈黑白灰色,13,revisions/rev_d8452eb7-957f-4723-967b-7e486b0fea57_8.jpg,revision,qwen,70.0,0.8786,0.1075,0.0723,,0.6734583876315173,False,False,2025-11-21T07:25:40,,,,,,,
